Age class,Sex,geo,Geopolitical entity (reporting),TIME_PERIOD,area_km2,population_year, Total ,PerHundred,Gender_index,is_eu_avg
Total,Females,AUT,Austria,2022,83879,9041851,599,6.62,0.781,0
Total,Males,AUT,Austria,2022,83879,9041851,8394,92.83,0.781,0
Total,Total,AUT,Austria,2022,83879,9041851,8993,99.46,0.781,0
Total,Females,AUT,Austria,2021,83879,8955797,527,5.88,0.777,0
Total,Males,AUT,Austria,2021,83879,8955797,7909,88.31,0.777,0
Total,Total,AUT,Austria,2021,83879,8955797,8436,94.2,0.777,0
Total,Females,AUT,Austria,2020,83879,8916864,554,6.21,0.744,0
Total,Males,AUT,Austria,2020,83879,8916864,7934,88.98,0.744,0
Total,Total,AUT,Austria,2020,83879,8916864,8488,95.19,0.744,0
Total,Females,AUT,Austria,2023,83879,9131761,614,6.72,0.74,0
Total,Males,AUT,Austria,2023,83879,9131761,8475,92.81,0.74,0
Total,Total,AUT,Austria,2023,83879,9131761,9089,99.53,0.74,0
Total,Females,AUT,Austria,2015,83879,8642699,498,5.76,0.733,0
Total,Males,AUT,Austria,2015,83879,8642699,8057,93.22,0.733,0
Total,Total,AUT,Austria,2015,83879,8642699,8665,100.26,0.733,0
Total,Females,AUT,Austria,2019,83879,8879920,606,6.82,0.731,0
Total,Males,AUT,Austria,2019,83879,8879920,8466,95.34,0.731,0
Total,Total,AUT,Austria,2019,83879,8879920,9072,102.16,0.731,0
Total,Females,AUT,Austria,2014,83879,8546356,507,5.93,0.7266,0
Total,Males,AUT,Austria,2014,83879,8546356,8185,95.77,0.7266,0
Total,Total,AUT,Austria,2014,83879,8546356,8692,101.7,0.7266,0
Total,Females,AUT,Austria,2018,83879,8840521,563,6.37,0.718,0
Total,Males,AUT,Austria,2018,83879,8840521,8600,97.28,0.718,0
Total,Total,AUT,Austria,2018,83879,8840521,9163,103.65,0.718,0
Total,Females,AUT,Austria,2016,83879,8736668,492,5.63,0.716,0
Total,Males,AUT,Austria,2016,83879,8736668,8127,93.02,0.716,0
Total,Total,AUT,Austria,2016,83879,8736668,8619,98.65,0.716,0
Total,Females,AUT,Austria,2017,83879,8797566,518,5.89,0.709,0
Total,Males,AUT,Austria,2017,83879,8797566,8334,94.73,0.709,0
Total,Total,AUT,Austria,2017,83879,8797566,8852,100.62,0.709,0
Total,Females,BEL,Belgium,2023,30689,11779946,510,4.33,0.796,0
Total,Males,BEL,Belgium,2023,30689,11779946,11383,96.63,0.796,0
Total,Total,BEL,Belgium,2023,30689,11779946,11893,100.96,0.796,0
Total,Females,BEL,Belgium,2022,30689,11680210,503,4.31,0.793,0
Total,Males,BEL,Belgium,2022,30689,11680210,10547,90.3,0.793,0
Total,Total,BEL,Belgium,2022,30689,11680210,11050,94.6,0.793,0
Total,Females,BEL,Belgium,2021,30689,11586195,507,4.38,0.789,0
Total,Males,BEL,Belgium,2021,30689,11586195,10262,88.57,0.789,0
Total,Total,BEL,Belgium,2021,30689,11586195,10769,92.95,0.789,0
Total,Females,BEL,Belgium,2014,30689,11779946,531,4.51,0.7809,0
Total,Males,BEL,Belgium,2014,30689,11779946,11238,95.39,0.7809,0
Total,Total,BEL,Belgium,2014,30689,11779946,11769,99.90,0.7809,0
Total,Females,BEL,Belgium,2015,30689,11274196,529,4.69,0.753,0
Total,Males,BEL,Belgium,2015,30689,11274196,10355,91.85,0.753,0
Total,Total,BEL,Belgium,2015,30689,11274196,10994,97.51,0.753,0
Total,Females,BEL,Belgium,2020,30689,11538604,490,4.25,0.751,0
Total,Males,BEL,Belgium,2020,30689,11538604,9867,85.51,0.751,0
Total,Total,BEL,Belgium,2020,30689,11538604,10357,89.76,0.751,0
Total,Females,BEL,Belgium,2016,30689,11779946,480,4.07,0.745,0
Total,Males,BEL,Belgium,2016,30689,11779946,9870,83.78,0.745,0
Total,Total,BEL,Belgium,2016,30689,11779946,10350,87.86,0.745,0
Total,Females,BEL,Belgium,2019,30689,11488980,479,4.17,0.7444999999999999,0
Total,Males,BEL,Belgium,2019,30689,11488980,10315,89.78,0.7444999999999999,0
Total,Total,BEL,Belgium,2019,30689,11488980,10794,93.95,0.7444999999999999,0
Total,Females,BEL,Belgium,2017,30689,11375158,440,3.87,0.739,0
Total,Males,BEL,Belgium,2017,30689,11375158,10031,88.18,0.739,0
Total,Total,BEL,Belgium,2017,30689,11375158,10471,92.05,0.739,0
Total,Females,BEL,Belgium,2018,30689,11427054,461,4.03,0.738,0
Total,Males,BEL,Belgium,2018,30689,11427054,9800,85.76,0.738,0
Total,Total,BEL,Belgium,2018,30689,11427054,10261,89.8,0.738,0
Total,Females,BGR,Bulgaria,2017,110994,6803468,219,3.22,0.756,0
Total,Females,BGR,Bulgaria,2018,110994,6710798,215,3.2,0.756,0
Total,Males,BGR,Bulgaria,2017,110994,6803468,6769,99.49,0.756,0
Total,Males,BGR,Bulgaria,2018,110994,6710798,6436,95.91,0.756,0
Total,Total,BGR,Bulgaria,2017,110994,6803468,6988,102.71,0.756,0
Total,Total,BGR,Bulgaria,2018,110994,6710798,6651,99.11,0.756,0
Total,Females,BGR,Bulgaria,2021,110994,6507301,210,3.23,0.746,0
Total,Males,BGR,Bulgaria,2021,110994,6507301,5663,87.03,0.746,0
Total,Total,BGR,Bulgaria,2021,110994,6507301,5873,90.25,0.746,0
Total,Females,BGR,Bulgaria,2014,110994,7073572,259,3.66,0.7444,0
Total,Males,BGR,Bulgaria,2014,110994,7073572,7611,107.6,0.7444,0
Total,Total,BGR,Bulgaria,2014,110994,7073572,7870,111.26,0.7444,0
Total,Females,BGR,Bulgaria,2019,110994,6616726,216,3.26,0.7415,0
Total,Males,BGR,Bulgaria,2019,110994,6616726,6232,94.19,0.7415,0
Total,Total,BGR,Bulgaria,2019,110994,6616726,6448,97.45,0.7415,0
Total,Females,BGR,Bulgaria,2022,110994,6465097,208,3.22,0.74,0
Total,Males,BGR,Bulgaria,2022,110994,6465097,5369,83.05,0.74,0
Total,Total,BGR,Bulgaria,2022,110994,6465097,5577,86.26,0.74,0
Total,Females,BGR,Bulgaria,2020,110994,6550696,192,2.93,0.727,0
Total,Males,BGR,Bulgaria,2020,110994,6550696,6059,92.49,0.727,0
Total,Total,BGR,Bulgaria,2020,110994,6550696,6251,95.42,0.727,0
Total,Females,BGR,Bulgaria,2016,110994,6894139,228,3.31,0.726,0
Total,Males,BGR,Bulgaria,2016,110994,6894139,7117,103.23,0.726,0
Total,Total,BGR,Bulgaria,2016,110994,6894139,7345,106.54,0.726,0
Total,Females,BGR,Bulgaria,2015,110994,6984225,246,3.52,0.722,0
Total,Males,BGR,Bulgaria,2015,110994,6984225,7162,102.55,0.722,0
Total,Total,BGR,Bulgaria,2015,110994,6984225,7408,106.07,0.722,0
Total,Females,BGR,Bulgaria,2023,110994,6446596,228,3.54,0.715,0
Total,Males,BGR,Bulgaria,2023,110994,6446596,5298,82.18,0.715,0
Total,Total,BGR,Bulgaria,2023,110994,6446596,5526,85.72,0.715,0
Total,Females,HRV,Croatia,2021,56594,3878981,207,5.34,0.733,0
Total,Females,HRV,Croatia,2022,56594,3855641,219,5.68,0.733,0
Total,Males,HRV,Croatia,2021,56594,3878981,3698,95.33,0.733,0
Total,Males,HRV,Croatia,2022,56594,3855641,3872,100.42,0.733,0
Total,Total,HRV,Croatia,2021,56594,3878981,3905,100.67,0.733,0
Total,Total,HRV,Croatia,2022,56594,3855641,4091,106.1,0.733,0
Total,Females,HRV,Croatia,2023,56594,3859686,226,5.86,0.73,0
Total,Males,HRV,Croatia,2023,56594,3859686,4219,109.31,0.73,0
Total,Total,HRV,Croatia,2023,56594,3859686,4445,115.16,0.73,0
Total,Females,HRV,Croatia,2020,56594,3914206,188,4.8,0.72,0
Total,Males,HRV,Croatia,2020,56594,3914206,3343,85.41,0.72,0
Total,Total,HRV,Croatia,2020,56594,3914206,3531,90.21,0.72,0
Total,Females,HRV,Croatia,2019,56594,3949390,194,4.91,0.716,0
Total,Males,HRV,Croatia,2019,56594,3949390,3339,84.54,0.716,0
Total,Total,HRV,Croatia,2019,56594,3949390,3533,89.46,0.716,0
Total,Females,HRV,Croatia,2018,56594,3988775,170,4.26,0.712,0
Total,Males,HRV,Croatia,2018,56594,3988775,3047,76.39,0.712,0
Total,Total,HRV,Croatia,2018,56594,3988775,3217,80.65,0.712,0
Total,Females,HRV,Croatia,2017,56594,4041407,147,3.64,0.711,0
Total,Males,HRV,Croatia,2017,56594,4041407,3043,75.3,0.711,0
Total,Total,HRV,Croatia,2017,56594,4041407,3190,78.93,0.711,0
Total,Females,HRV,Croatia,2015,56594,4151725,164,3.95,0.708,0
Total,Males,HRV,Croatia,2015,56594,4151725,3177,76.52,0.708,0
Total,Total,HRV,Croatia,2015,56594,4151725,3341,80.47,0.708,0
Total,Females,HRV,Croatia,2014,56594,4201598,190,4.52,0.7075,0
Total,Males,HRV,Croatia,2014,56594,4201598,3573,85.04,0.7075,0
Total,Total,HRV,Croatia,2014,56594,4201598,3763,89.56,0.7075,0
Total,Females,HRV,Croatia,2016,56594,4106867,123,2.99,0.7,0
Total,Males,HRV,Croatia,2016,56594,4106867,2985,72.68,0.7,0
Total,Total,HRV,Croatia,2016,56594,4106867,3108,75.68,0.7,0
Total,Females,CYP,Cyprus,2021,9251,1317309,77,5.85,0.707,0
Total,Males,CYP,Cyprus,2021,9251,1317309,718,54.51,0.707,0
Total,Total,CYP,Cyprus,2021,9251,1317309,795,60.35,0.707,0
Total,Females,CYP,Cyprus,2022,9251,1331370,61,4.58,0.696,0
Total,Males,CYP,Cyprus,2022,9251,1331370,897,67.37,0.696,0
Total,Total,CYP,Cyprus,2022,9251,1331370,958,71.96,0.696,0
Total,Females,CYP,Cyprus,2020,9251,1302247,30,2.3,0.692,0
Total,Males,CYP,Cyprus,2020,9251,1302247,571,43.85,0.692,0
Total,Total,CYP,Cyprus,2020,9251,1302247,601,46.15,0.692,0
Total,Females,CYP,Cyprus,2019,9251,1286671,34,2.64,0.688,0
Total,Males,CYP,Cyprus,2019,9251,1286671,725,56.35,0.688,0
Total,Total,CYP,Cyprus,2019,9251,1286671,759,58.99,0.688,0
Total,Females,CYP,Cyprus,2016,9251,1237112,41,3.31,0.684,0
Total,Females,CYP,Cyprus,2017,9251,1254275,34,2.71,0.684,0
Total,Females,CYP,Cyprus,2018,9251,1270737,36,2.83,0.684,0
Total,Males,CYP,Cyprus,2016,9251,1237112,545,44.05,0.684,0
Total,Males,CYP,Cyprus,2017,9251,1254275,558,44.49,0.684,0
Total,Males,CYP,Cyprus,2018,9251,1270737,583,45.88,0.684,0
Total,Total,CYP,Cyprus,2016,9251,1237112,586,47.37,0.684,0
Total,Total,CYP,Cyprus,2017,9251,1254275,592,47.2,0.684,0
Total,Total,CYP,Cyprus,2018,9251,1270737,619,48.71,0.684,0
Total,Females,CYP,Cyprus,2023,9251,1344976,58,4.31,0.678,0
Total,Males,CYP,Cyprus,2023,9251,1344976,901,66.99,0.678,0
Total,Total,CYP,Cyprus,2023,9251,1344976,959,71.3,0.678,0
Total,Females,CYP,Cyprus,2014,9251,1201801,30,2.5,0.6741,0
Total,Males,CYP,Cyprus,2014,9251,1201801,502,41.77,0.6741,0
Total,Total,CYP,Cyprus,2014,9251,1201801,532,44.27,0.6741,0
Total,Females,CYP,Cyprus,2015,9251,1219502,32,2.62,0.671,0
Total,Males,CYP,Cyprus,2015,9251,1219502,515,42.23,0.671,0
Total,Total,CYP,Cyprus,2015,9251,1219502,547,44.85,0.671,0
Total,Females,CZE,Czechia,2021,78871,10505772,1519,14.46,0.711,0
Total,Males,CZE,Czechia,2021,78871,10505772,17229,164.0,0.711,0
Total,Total,CZE,Czechia,2021,78871,10505772,18748,178.45,0.711,0
Total,Females,CZE,Czechia,2022,78871,10672118,1613,15.11,0.71,0
Total,Males,CZE,Czechia,2022,78871,10672118,17439,163.41,0.71,0
Total,Total,CZE,Czechia,2022,78871,10672118,19052,178.52,0.71,0
Total,Females,CZE,Czechia,2020,78871,10697858,1564,14.62,0.706,0
Total,Males,CZE,Czechia,2020,78871,10697858,17637,164.86,0.706,0
Total,Total,CZE,Czechia,2020,78871,10697858,19286,180.28,0.706,0
Total,Females,CZE,Czechia,2019,78871,10671870,1740,16.3,0.6995,0
Total,Males,CZE,Czechia,2019,78871,10671870,19247,180.35,0.6995,0
Total,Total,CZE,Czechia,2019,78871,10671870,21048,197.23,0.6995,0
Total,Females,CZE,Czechia,2018,78871,10629928,1644,15.47,0.693,0
Total,Males,CZE,Czechia,2018,78871,10629928,19933,187.52,0.693,0
Total,Total,CZE,Czechia,2018,78871,10629928,21577,202.98,0.693,0
Total,Females,CZE,Czechia,2016,78871,10566332,1643,15.55,0.69,0
Total,Males,CZE,Czechia,2016,78871,10566332,20838,197.21,0.69,0
Total,Total,CZE,Czechia,2016,78871,10566332,22481,212.76,0.69,0
Total,Females,CZE,Czechia,2017,78871,10594438,1638,15.46,0.688,0
Total,Males,CZE,Czechia,2017,78871,10594438,20442,192.95,0.688,0
Total,Total,CZE,Czechia,2017,78871,10594438,22159,209.16,0.688,0
Total,Females,CZE,Czechia,2015,78871,10546059,1433,13.59,0.687,0
Total,Males,CZE,Czechia,2015,78871,10546059,19433,184.27,0.687,0
Total,Total,CZE,Czechia,2015,78871,10546059,20866,197.86,0.687,0
Total,Females,CZE,Czechia,2023,78871,10864042,1715,15.79,0.685,0
Total,Males,CZE,Czechia,2023,78871,10864042,17854,164.34,0.685,0
Total,Total,CZE,Czechia,2023,78871,10864042,19569,180.13,0.685,0
Total,Females,CZE,Czechia,2014,78871,10525347,1170,11.12,0.6737,0
Total,Males,CZE,Czechia,2014,78871,10525347,17488,166.15,0.6737,0
Total,Total,CZE,Czechia,2014,78871,10525347,18658,177.27,0.6737,0
Total,Females,DNK,Denmark,2014,42952,5643475,145,2.57,0.8025,0
Total,Males,DNK,Denmark,2014,42952,5643475,3438,60.92,0.8025,0
Total,Total,DNK,Denmark,2014,42952,5643475,3583,63.49,0.8025,0
Total,Females,DNK,Denmark,2020,42952,5831404,189,3.24,0.782,0
Total,Males,DNK,Denmark,2020,42952,5831404,3977,68.2,0.782,0
Total,Total,DNK,Denmark,2020,42952,5831404,4166,71.44,0.782,0
Total,Females,DNK,Denmark,2019,42952,5814422,182,3.13,0.78,0
Total,Females,DNK,Denmark,2023,42952,5946952,211,3.55,0.78,0
Total,Males,DNK,Denmark,2019,42952,5814422,3738,64.29,0.78,0
Total,Males,DNK,Denmark,2023,42952,5946952,3943,66.3,0.78,0
Total,Total,DNK,Denmark,2019,42952,5814422,3920,67.42,0.78,0
Total,Total,DNK,Denmark,2023,42952,5946952,4154,69.85,0.78,0
Total,Females,DNK,Denmark,2018,42952,5793636,132,2.28,0.778,0
Total,Males,DNK,Denmark,2018,42952,5793636,3503,60.46,0.778,0
Total,Total,DNK,Denmark,2018,42952,5793636,3635,62.74,0.778,0
Total,Females,DNK,Denmark,2017,42952,5764980,136,2.36,0.776,0
Total,Males,DNK,Denmark,2017,42952,5764980,3282,56.93,0.776,0
Total,Total,DNK,Denmark,2017,42952,5764980,3418,59.29,0.776,0
Total,Females,DNK,Denmark,2021,42952,5856733,186,3.18,0.768,0
Total,Males,DNK,Denmark,2021,42952,5856733,4036,68.91,0.768,0
Total,Total,DNK,Denmark,2021,42952,5856733,4222,72.09,0.768,0
Total,Females,DNK,Denmark,2015,42952,5683483,118,2.08,0.767,0
Total,Males,DNK,Denmark,2015,42952,5683483,3085,54.28,0.767,0
Total,Total,DNK,Denmark,2015,42952,5683483,3203,56.36,0.767,0
Total,Females,DNK,Denmark,2022,42952,5903037,203,3.44,0.764,0
Total,Males,DNK,Denmark,2022,42952,5903037,4005,67.85,0.764,0
Total,Total,DNK,Denmark,2022,42952,5903037,4208,71.29,0.764,0
Total,Females,DNK,Denmark,2016,42952,5728010,150,2.62,0.754,0
Total,Males,DNK,Denmark,2016,42952,5728010,3258,56.88,0.754,0
Total,Total,DNK,Denmark,2016,42952,5728010,3408,59.5,0.754,0
Total,Females,EST,Estonia,2023,45339,1370286,88,6.42,0.782,0
Total,Males,EST,Estonia,2023,45339,1370286,1753,127.93,0.782,0
Total,Total,EST,Estonia,2023,45339,1370286,1841,134.35,0.782,0
Total,Females,EST,Estonia,2020,45339,1329522,97,7.3,0.751,0
Total,Males,EST,Estonia,2020,45339,1329522,2251,169.31,0.751,0
Total,Total,EST,Estonia,2020,45339,1329522,2348,176.6,0.751,0
Total,Females,EST,Estonia,2015,45339,1315407,155,11.78,0.749,0
Total,Males,EST,Estonia,2015,45339,1315407,2668,202.83,0.749,0
Total,Total,EST,Estonia,2015,45339,1315407,2823,214.61,0.749,0
Total,Females,EST,Estonia,2016,45339,1315790,178,13.53,0.747,0
Total,Males,EST,Estonia,2016,45339,1315790,2686,204.14,0.747,0
Total,Total,EST,Estonia,2016,45339,1315790,2864,217.66,0.747,0
Total,Females,EST,Estonia,2019,45339,1326898,112,8.44,0.7424999999999999,0
Total,Males,EST,Estonia,2019,45339,1326898,2375,178.99,0.7424999999999999,0
Total,Total,EST,Estonia,2019,45339,1326898,2487,187.43,0.7424999999999999,0
Total,Females,EST,Estonia,2018,45339,1321977,123,9.3,0.734,0
Total,Males,EST,Estonia,2018,45339,1321977,2461,186.16,0.734,0
Total,Total,EST,Estonia,2018,45339,1321977,2584,195.46,0.734,0
Total,Females,EST,Estonia,2021,45339,1330932,101,7.59,0.733,0
Total,Males,EST,Estonia,2021,45339,1330932,2088,156.88,0.733,0
Total,Total,EST,Estonia,2021,45339,1330932,2189,164.47,0.733,0
Total,Females,EST,Estonia,2022,45339,1348840,102,7.56,0.733,0
Total,Males,EST,Estonia,2022,45339,1348840,1971,146.13,0.733,0
Total,Total,EST,Estonia,2022,45339,1348840,2073,153.69,0.733,0
Total,Females,EST,Estonia,2017,45339,1317384,141,10.7,0.731,0
Total,Males,EST,Estonia,2017,45339,1317384,2582,195.99,0.731,0
Total,Total,EST,Estonia,2017,45339,1317384,2723,206.7,0.731,0
Total,Total,EST,Estonia,2014,45339,1314545,2973,226.16,0.7017,0
Total,Males,EST,Estonia,2014,45339,1314545,2812,213.91,0.7017,0
Total,Females,EST,Estonia,2014,45339,1314545,161,12.24,0.7017,0
Total,Total,EU,EU Average,2023,10530000,448897545,498860,3081.24,0.7531851851851852,1
Total,Total,EU,EU Average,2022,10530000,447202673,483593,3075.02,0.7531111111111111,1
Total,Total,EU,EU Average,2021,10530000,446227358,475413,3029.64,0.7528888888888888,1
Total,Females,EU,EU Average,2022,10530000,364024860,22313,177.12,0.7512692307692308,1
Total,Males,EU,EU Average,2022,10530000,364024860,403925,2830.92,0.7512692307692308,1
Total,Females,EU,EU Average,2021,10530000,363031280,21801,176.41,0.7512307692307693,1
Total,Males,EU,EU Average,2021,10530000,363031280,396189,2786.09,0.7512307692307693,1
Total,Females,EU,EU Average,2023,10530000,365610272,23595,179.94,0.7508076923076923,1
Total,Males,EU,EU Average,2023,10530000,365610272,416229,2832.7,0.7508076923076923,1
Total,Total,EU,EU Average,2020,10530000,446870959,463376,3033.25,0.7439259259259259,1
Total,Females,EU,EU Average,2020,10530000,363710088,21263,171.25,0.7422692307692308,1
Total,Males,EU,EU Average,2020,10530000,363710088,382540,2790.67,0.7422692307692308,1
Total,Total,EU,EU Average,2019,10530000,446910453,496366,3172.01,0.7410185185185185,1
Total,Females,EU,EU Average,2019,10530000,363817491,23140,184.02,0.7394615384615384,1
Total,Males,EU,EU Average,2019,10530000,363817491,410094,2912.92,0.7394615384615384,1
Total,Total,EU,EU Average,2018,10530000,446329890,494351,3152.25,0.738111111111111,1
Total,Females,EU,EU Average,2015,10530000,443793218,25035,182.07,0.7372962962962963,1
Total,Males,EU,EU Average,2015,10530000,443793218,465413,3069.46,0.7372962962962963,1
Total,Total,EU,EU Average,2015,10530000,443793218,492798,3271.54,0.7372962962962963,1
Total,Females,EU,EU Average,2018,10530000,363424108,21681,174.22,0.7366538461538461,1
Total,Males,EU,EU Average,2018,10530000,363424108,394349,2778.05,0.7366538461538461,1
Total,Total,EU,EU Average,2016,10530000,433345230,484271,3155.71,0.7343461538461539,1
Total,Total,EU,EU Average,2017,10530000,443254672,494945,3127.22,0.7334999999999999,1
Total,Females,EU,EU Average,2016,10530000,350996561,20525,169.71,0.73308,1
Total,Males,EU,EU Average,2016,10530000,350996561,383971,2759.96,0.73308,1
Total,Females,EU,EU Average,2014,10530000,430397217,25252,167.97,0.732452,1
Total,Males,EU,EU Average,2014,10530000,430397217,468982,2902.88,0.732452,1
Total,Total,EU,EU Average,2014,10530000,431711762,499575, 116.48 ,0.7312692307692308,1
Total,Females,EU,EU Average,2017,10530000,355770225,21106,166.19,0.7291249999999999,1
Total,Males,EU,EU Average,2017,10530000,355770225,390967,2671.89,0.7291249999999999,1
Total,Females,FIN,Finland,2023,338455,5583911,225,4.03,0.863,0
Total,Males,FIN,Finland,2023,338455,5583911,2737,49.02,0.863,0
Total,Total,FIN,Finland,2023,338455,5583911,2962,53.05,0.863,0
Total,Females,FIN,Finland,2021,338455,5541017,211,3.81,0.861,0
Total,Males,FIN,Finland,2021,338455,5541017,2600,46.92,0.861,0
Total,Total,FIN,Finland,2021,338455,5541017,2811,50.73,0.861,0
Total,Females,FIN,Finland,2022,338455,5556106,208,3.74,0.86,0
Total,Males,FIN,Finland,2022,338455,5556106,2653,47.75,0.86,0
Total,Total,FIN,Finland,2022,338455,5556106,2861,51.49,0.86,0
Total,Females,FIN,Finland,2015,338455,5479531,237,4.33,0.85,0
Total,Males,FIN,Finland,2015,338455,5479531,2898,52.89,0.85,0
Total,Total,FIN,Finland,2015,338455,5479531,3135,57.21,0.85,0
Total,Females,FIN,Finland,2014,338455,5461512,240,4.39,0.8453,0
Total,Males,FIN,Finland,2014,338455,5461512,2908,53.25,0.8453,0
Total,Total,FIN,Finland,2014,338455,5461512,3148,57.64,0.8453,0
Total,Females,FIN,Finland,2016,338455,5495303,226,4.11,0.845,0
Total,Males,FIN,Finland,2016,338455,5495303,2930,53.32,0.845,0
Total,Total,FIN,Finland,2016,338455,5495303,3156,57.43,0.845,0
Total,Females,FIN,Finland,2020,338455,5529543,231,4.18,0.832,0
Total,Males,FIN,Finland,2020,338455,5529543,2520,45.57,0.832,0
Total,Total,FIN,Finland,2020,338455,5529543,2751,49.75,0.832,0
Total,Females,FIN,Finland,2019,338455,5521606,224,4.06,0.8265,0
Total,Males,FIN,Finland,2019,338455,5521606,2721,49.28,0.8265,0
Total,Total,FIN,Finland,2019,338455,5521606,2945,53.34,0.8265,0
Total,Females,FIN,Finland,2017,338455,5508214,234,4.25,0.823,0
Total,Males,FIN,Finland,2017,338455,5508214,2848,51.7,0.823,0
Total,Total,FIN,Finland,2017,338455,5508214,3082,55.95,0.823,0
Total,Females,FIN,Finland,2018,338455,5515525,227,4.12,0.821,0
Total,Males,FIN,Finland,2018,338455,5515525,2729,49.48,0.821,0
Total,Total,FIN,Finland,2018,338455,5515525,2956,53.59,0.821,0
Total,Females,FRA,France,2022,643801,68184457,2286,3.35,0.791,0
Total,Males,FRA,France,2022,643801,68184457,69887,102.5,0.791,0
Total,Total,FRA,France,2022,643801,68184457,72173,105.85,0.791,0
Total,Females,FRA,France,2021,643801,67842811,2219,3.27,0.784,0
Total,Males,FRA,France,2021,643801,67842811,67229,99.1,0.784,0
Total,Total,FRA,France,2021,643801,67842811,69448,102.37,0.784,0
Total,Females,FRA,France,2020,643801,67601110,2055,3.04,0.781,0
Total,Males,FRA,France,2020,643801,67601110,60488,89.48,0.781,0
Total,Total,FRA,France,2020,643801,67601110,62543,92.52,0.781,0
Total,Females,FRA,France,2019,643801,67382061,2511,3.73,0.78,0
Total,Males,FRA,France,2019,643801,67382061,68228,101.26,0.78,0
Total,Total,FRA,France,2019,643801,67382061,70739,104.98,0.78,0
Total,Females,FRA,France,2018,643801,67158348,2534,3.77,0.779,0
Total,Males,FRA,France,2018,643801,67158348,67525,100.55,0.779,0
Total,Total,FRA,France,2018,643801,67158348,70059,104.32,0.779,0
Total,Females,FRA,France,2017,643801,66918020,2393,3.58,0.778,0
Total,Males,FRA,France,2017,643801,66918020,66581,99.5,0.778,0
Total,Total,FRA,France,2017,643801,66918020,68974,103.07,0.778,0
Total,Females,FRA,France,2015,643801,66548272,2147,3.23,0.761,0
Total,Males,FRA,France,2015,643801,66548272,64531,96.97,0.761,0
Total,Total,FRA,France,2015,643801,66548272,66678,100.19,0.761,0
Total,Females,FRA,France,2014,643801,66312067,2108,3.18,0.7588,0
Total,Males,FRA,France,2014,643801,66312067,64162,96.76,0.7588,0
Total,Total,FRA,France,2014,643801,66312067,66270,99.94,0.7588,0
Total,Females,FRA,France,2023,643801,68372286,2537,3.71,0.756,0
Total,Males,FRA,France,2023,643801,68372286,73376,107.32,0.756,0
Total,Total,FRA,France,2023,643801,68372286,75913,111.03,0.756,0
Total,Females,FRA,France,2016,643801,66724104,2265,3.39,0.755,0
Total,Males,FRA,France,2016,643801,66724104,66167,99.17,0.755,0
Total,Total,FRA,France,2016,643801,66724104,68432,102.56,0.755,0
Total,Females,DEU,Germany,2023,357596,83287273,3316,3.98,0.815,0
Total,Males,DEU,Germany,2023,357596,83287273,54782,65.77,0.815,0
Total,Total,DEU,Germany,2023,357596,83287273,58098,69.79,0.815,0
Total,Females,DEU,Germany,2022,357596,83177813,3164,3.80,0.801,0
Total,Males,DEU,Germany,2022,357596,83177813,53130,63.87,0.801,0
Total,Total,DEU,Germany,2022,357596,83177813,56294,67.67,0.801,0
Total,Females,DEU,Germany,2021,357596,83196078,3030,3.64,0.796,0
Total,Males,DEU,Germany,2021,357596,83196078,53486,64.28,0.796,0
Total,Total,DEU,Germany,2021,357596,83196078,56516,67.93,0.796,0
Total,Females,DEU,Germany,2020,357596,83160871,3221,3.87,0.787,0
Total,Males,DEU,Germany,2020,357596,83160871,55835,67.14,0.787,0
Total,Total,DEU,Germany,2020,357596,83160871,59056,71.01,0.787,0
Total,Females,DEU,Germany,2019,357596,83092962,3649,4.39,0.7815000000000001,0
Total,Males,DEU,Germany,2019,357596,83092962,59736,71.89,0.7815000000000001,0
Total,Total,DEU,Germany,2019,357596,83092962,63385,76.28,0.7815000000000001,0
Total,Females,DEU,Germany,2015,357596,81686611,3611,4.42,0.779,0
Total,Males,DEU,Germany,2015,357596,81686611,58261,71.32,0.779,0
Total,Total,DEU,Germany,2015,357596,81686611,61872,75.74,0.779,0
Total,Females,DEU,Germany,2014,357596,80982500,3639,4.49,0.778,0
Total,Males,DEU,Germany,2014,357596,80982500,59589,73.58,0.778,0
Total,Total,DEU,Germany,2014,357596,80982500,63228,78.07,0.778,0
Total,Females,DEU,Germany,2017,357596,82657002,3857,4.66,0.778,0
Total,Males,DEU,Germany,2017,357596,82657002,60336,72.99,0.778,0
Total,Total,DEU,Germany,2017,357596,82657002,64193,77.66,0.778,0
Total,Females,DEU,Germany,2018,357596,82905782,3778,4.55,0.776,0
Total,Males,DEU,Germany,2018,357596,82905782,60038,72.41,0.776,0
Total,Total,DEU,Germany,2018,357596,82905782,63816,76.97,0.776,0
Total,Females,DEU,Germany,2016,357596,82348669,3706,4.50,0.766,0
Total,Males,DEU,Germany,2016,357596,82348669,58825,71.43,0.766,0
Total,Total,DEU,Germany,2016,357596,82348669,62531,75.93,0.766,0
Total,Females,GRC,Greece,2020,131957,10698599,527,4.93,0.701,0
Total,Males,GRC,Greece,2020,131957,10698599,10852,101.43,0.701,0
Total,Total,GRC,Greece,2020,131957,10698599,11379,106.36,0.701,0
Total,Females,GRC,Greece,2019,131957,10721582,490,4.57,0.6984999999999999,0
Total,Males,GRC,Greece,2019,131957,10721582,10401,97.01,0.6984999999999999,0
Total,Total,GRC,Greece,2019,131957,10721582,10891,101.58,0.6984999999999999,0
Total,Females,GRC,Greece,2018,131957,10732882,553,5.15,0.696,0
Total,Males,GRC,Greece,2018,131957,10732882,10101,94.11,0.696,0
Total,Total,GRC,Greece,2018,131957,10732882,10654,99.27,0.696,0
Total,Females,GRC,Greece,2023,131957,10407351,497,4.78,0.693,0
Total,Males,GRC,Greece,2023,131957,10407351,9745,93.64,0.693,0
Total,Total,GRC,Greece,2023,131957,10407351,10242,98.41,0.693,0
Total,Females,GRC,Greece,2017,131957,10754679,551,5.12,0.692,0
Total,Males,GRC,Greece,2017,131957,10754679,9460,87.96,0.692,0
Total,Total,GRC,Greece,2017,131957,10754679,10011,93.09,0.692,0
Total,Females,GRC,Greece,2021,131957,10569207,537,5.08,0.689,0
Total,Females,GRC,Greece,2022,131957,10436882,533,5.11,0.689,0
Total,Males,GRC,Greece,2021,131957,10569207,10493,99.28,0.689,0
Total,Males,GRC,Greece,2022,131957,10436882,9993,95.75,0.689,0
Total,Total,GRC,Greece,2021,131957,10569207,11030,104.36,0.689,0
Total,Total,GRC,Greece,2022,131957,10436882,10526,100.85,0.689,0
Total,Females,GRC,Greece,2015,131957,10820883,486,4.49,0.685,0
Total,Males,GRC,Greece,2015,131957,10820883,9125,84.33,0.685,0
Total,Total,GRC,Greece,2015,131957,10820883,9611,88.82,0.685,0
Total,Females,GRC,Greece,2016,131957,10775971,515,4.78,0.68,0
Total,Males,GRC,Greece,2016,131957,10775971,9035,83.84,0.68,0
Total,Total,GRC,Greece,2016,131957,10775971,9560,88.72,0.68,0
Total,Females,GRC,Greece,2014,131957,10892413,572,5.25,0.6784,0
Total,Males,GRC,Greece,2014,131957,10892413,11226,103.06,0.6784,0
Total,Total,GRC,Greece,2014,131957,10892413,11798,108.31,0.6784,0
Total,Females,HUN,Hungary,2022,93030,9605074,1417,14.75,0.699,0
Total,Males,HUN,Hungary,2022,93030,9605074,17930,186.67,0.699,0
Total,Total,HUN,Hungary,2022,93030,9605074,19347,201.42,0.699,0
Total,Females,HUN,Hungary,2023,93030,9592186,1467,15.29,0.689,0
Total,Males,HUN,Hungary,2023,93030,9592186,16472,171.72,0.689,0
Total,Total,HUN,Hungary,2023,93030,9592186,17939,187.02,0.689,0
Total,Females,HUN,Hungary,2021,93030,9630932,1430,14.85,0.688,0
Total,Males,HUN,Hungary,2021,93030,9630932,17193,178.52,0.688,0
Total,Total,HUN,Hungary,2021,93030,9630932,18623,193.37,0.688,0
Total,Females,HUN,Hungary,2020,93030,9670419,1290,13.34,0.677,0
Total,Males,HUN,Hungary,2020,93030,9670419,15462,159.89,0.677,0
Total,Total,HUN,Hungary,2020,93030,9670419,16752,173.23,0.677,0
Total,Females,HUN,Hungary,2014,93030,9833038,1349,13.72,0.6759,0
Total,Males,HUN,Hungary,2014,93030,9833038,16541,168.22,0.6759,0
Total,Total,HUN,Hungary,2014,93030,9833038,17890,181.94,0.6759,0
Total,Females,HUN,Hungary,2019,93030,9694824,1255,12.95,0.6755,0
Total,Males,HUN,Hungary,2019,93030,9694824,15079,155.54,0.6755,0
Total,Total,HUN,Hungary,2019,93030,9694824,16334,168.48,0.6755,0
Total,Females,HUN,Hungary,2018,93030,9706964,1207,12.43,0.674,0
Total,Males,HUN,Hungary,2018,93030,9706964,15096,155.52,0.674,0
Total,Total,HUN,Hungary,2018,93030,9706964,16303,167.95,0.674,0
Total,Females,HUN,Hungary,2015,93030,9797755,1250,12.76,0.672,0
Total,Males,HUN,Hungary,2015,93030,9797755,16199,165.33,0.672,0
Total,Total,HUN,Hungary,2015,93030,9797755,17449,178.09,0.672,0
Total,Females,HUN,Hungary,2017,93030,9726756,1276,13.12,0.67,0
Total,Males,HUN,Hungary,2017,93030,9726756,16067,165.18,0.67,0
Total,Total,HUN,Hungary,2017,93030,9726756,17343,178.3,0.67,0
Total,Females,HUN,Hungary,2016,93030,9759755,1280,13.12,0.669,0
Total,Males,HUN,Hungary,2016,93030,9759755,16361,167.64,0.669,0
Total,Total,HUN,Hungary,2016,93030,9759755,17658,180.93,0.669,0
Total,Females,IRL,Ireland,2015,70273,4701957,116,2.47,0.807,0
Total,Males,IRL,Ireland,2015,70273,4701957,3094,65.8,0.807,0
Total,Total,IRL,Ireland,2015,70273,4701957,3755,79.86,0.807,0
Total,Females,IRL,Ireland,2022,70273,5212836,208,3.99,0.804,0
Total,Males,IRL,Ireland,2022,70273,5212836,4271,81.93,0.804,0
Total,Total,IRL,Ireland,2022,70273,5212836,4369,83.81,0.804,0
Total,Females,IRL,Ireland,2021,70273,5110585,149,2.92,0.8,0
Total,Males,IRL,Ireland,2021,70273,5110585,3759,73.55,0.8,0
Total,Total,IRL,Ireland,2021,70273,5110585,3806,74.47,0.8,0
Total,Females,IRL,Ireland,2020,70273,5039747,154,3.06,0.798,0
Total,Males,IRL,Ireland,2020,70273,5039747,3778,74.96,0.798,0
Total,Total,IRL,Ireland,2020,70273,5039747,3810,75.6,0.798,0
Total,Females,IRL,Ireland,2016,70273,4762722,95,1.99,0.797,0
Total,Males,IRL,Ireland,2016,70273,4762722,2982,62.61,0.797,0
Total,Total,IRL,Ireland,2016,70273,4762722,3718,78.06,0.797,0
Total,Females,IRL,Ireland,2019,70273,4976456,184,3.7,0.797,0
Total,Males,IRL,Ireland,2019,70273,4976456,3908,78.53,0.797,0
Total,Total,IRL,Ireland,2019,70273,4976456,4017,80.72,0.797,0
Total,Females,IRL,Ireland,2018,70273,4898022,173,3.53,0.796,0
Total,Males,IRL,Ireland,2018,70273,4898022,3921,80.05,0.796,0
Total,Total,IRL,Ireland,2018,70273,4898022,3962,80.89,0.796,0
Total,Females,IRL,Ireland,2023,70273,5311538,233,4.39,0.795,0
Total,Males,IRL,Ireland,2023,70273,5311538,4627,87.11,0.795,0
Total,Total,IRL,Ireland,2023,70273,5311538,4731,89.07,0.795,0
Total,Total,IRL,Ireland,2017,70273,4827445,7484,76.23,0.794,0
Total,Males,IRL,Ireland,2017,70273,4827445,6403,132.63,0.794,0
Total,Females,IRL,Ireland,2017,70273,4827445,1081,22.32,0.794,0
Total,Females,IRL,Ireland,2014,70273,4657740,120,2.58,0.785,0
Total,Males,IRL,Ireland,2014,70273,4657740,3096,66.47,0.785,0
Total,Total,IRL,Ireland,2014,70273,4657740,3777,81.09,0.785,0
Total,Females,ITA,Italy,2015,302068,60229605,2207,3.66,0.726,0
Total,Males,ITA,Italy,2015,302068,60229605,51203,85.01,0.726,0
Total,Total,ITA,Italy,2015,302068,60229605,53410,88.68,0.726,0
Total,Females,ITA,Italy,2021,302068,59133173,2294,3.88,0.721,0
Total,Males,ITA,Italy,2021,302068,59133173,53055,89.72,0.721,0
Total,Total,ITA,Italy,2021,302068,59133173,55349,93.6,0.721,0
Total,Females,ITA,Italy,2022,302068,59013667,2423,4.11,0.72,0
Total,Males,ITA,Italy,2022,302068,59013667,55032,93.25,0.72,0
Total,Total,ITA,Italy,2022,302068,59013667,57455,97.36,0.72,0
Total,Females,ITA,Italy,2016,302068,60115223,2379,3.96,0.719,0
Total,Males,ITA,Italy,2016,302068,60115223,53599,89.16,0.719,0
Total,Total,ITA,Italy,2016,302068,60115223,55978,93.12,0.719,0
Total,Females,ITA,Italy,2020,302068,59438851,2320,3.9,0.707,0
Total,Males,ITA,Italy,2020,302068,59438851,52285,87.96,0.707,0
Total,Total,ITA,Italy,2020,302068,59438851,54605,91.87,0.707,0
Total,Females,ITA,Italy,2019,302068,59729081,2790,4.67,0.7064999999999999,0
Total,Males,ITA,Italy,2019,302068,59729081,59442,99.52,0.7064999999999999,0
Total,Total,ITA,Italy,2019,302068,59729081,62232,104.19,0.7064999999999999,0
Total,Females,ITA,Italy,2018,302068,60148658,2699,4.49,0.706,0
Total,Males,ITA,Italy,2018,302068,60148658,58432,97.15,0.706,0
Total,Total,ITA,Italy,2018,302068,60148658,61131,101.63,0.706,0
Total,Females,ITA,Italy,2023,302068,58984216,2604,4.41,0.705,0
Total,Males,ITA,Italy,2023,302068,58984216,58964,99.97,0.705,0
Total,Total,ITA,Italy,2023,302068,58984216,61568,104.38,0.705,0
Total,Females,ITA,Italy,2014,302068,60320707,2374,3.94,0.6973,0
Total,Males,ITA,Italy,2014,302068,60320707,52371,86.82,0.6973,0
Total,Total,ITA,Italy,2014,302068,60320707,54745,90.76,0.6973,0
Total,Females,ITA,Italy,2017,302068,60002252,2516,4.19,0.692,0
Total,Males,ITA,Italy,2017,302068,60002252,56522,94.2,0.692,0
Total,Total,ITA,Italy,2017,302068,60002252,59038,98.39,0.692,0
Total,Females,LVA,Latvia,2023,64589,1883710,249,13.22,0.794,0
Total,Males,LVA,Latvia,2023,64589,1883710,3022,160.43,0.794,0
Total,Total,LVA,Latvia,2023,64589,1883710,3271,173.65,0.794,0
Total,Females,LVA,Latvia,2020,64589,1900449,255,13.42,0.785,0
Total,Males,LVA,Latvia,2020,64589,1900449,2824,148.6,0.785,0
Total,Total,LVA,Latvia,2020,64589,1900449,3104,163.33,0.785,0
Total,Females,LVA,Latvia,2021,64589,1884490,268,14.22,0.778,0
Total,Males,LVA,Latvia,2021,64589,1884490,2915,154.68,0.778,0
Total,Total,LVA,Latvia,2021,64589,1884490,3183,168.91,0.778,0
Total,Females,LVA,Latvia,2016,64589,1959537,349,17.81,0.775,0
Total,Males,LVA,Latvia,2016,64589,1959537,3894,198.72,0.775,0
Total,Total,LVA,Latvia,2016,64589,1959537,4243,216.53,0.775,0
Total,Females,LVA,Latvia,2019,64589,1913822,294,15.36,0.7715000000000001,0
Total,Males,LVA,Latvia,2019,64589,1913822,3120,163.02,0.7715000000000001,0
Total,Total,LVA,Latvia,2019,64589,1913822,3414,178.39,0.7715000000000001,0
Total,Females,LVA,Latvia,2022,64589,1879383,248,13.2,0.771,0
Total,Males,LVA,Latvia,2022,64589,1879383,2981,158.62,0.771,0
Total,Total,LVA,Latvia,2022,64589,1879383,3229,171.81,0.771,0
Total,Females,LVA,Latvia,2014,64589,1993782,345,17.3,0.7691,0
Total,Males,LVA,Latvia,2014,64589,1993782,4400,220.69,0.7691,0
Total,Total,LVA,Latvia,2014,64589,1993782,4745,237.99,0.7691,0
Total,Females,LVA,Latvia,2018,64589,1927174,274,14.22,0.758,0
Total,Males,LVA,Latvia,2018,64589,1927174,3248,168.54,0.758,0
Total,Total,LVA,Latvia,2018,64589,1927174,3522,182.75,0.758,0
Total,Females,LVA,Latvia,2017,64589,1942248,291,14.98,0.756,0
Total,Males,LVA,Latvia,2017,64589,1942248,3474,178.86,0.756,0
Total,Total,LVA,Latvia,2017,64589,1942248,3765,193.85,0.756,0
Total,Females,LVA,Latvia,2015,64589,1977527,358,18.1,0.752,0
Total,Males,LVA,Latvia,2015,64589,1977527,4051,204.85,0.752,0
Total,Total,LVA,Latvia,2015,64589,1977527,4409,222.96,0.752,0
Total,Females,LTU,Lithuania,2021,65300,2808380,217,7.73,0.804,0
Total,Males,LTU,Lithuania,2021,65300,2808380,4869,173.37,0.804,0
Total,Total,LTU,Lithuania,2021,65300,2808380,5086,181.1,0.804,0
Total,Females,LTU,Lithuania,2023,65300,2871585,206,7.17,0.8,0
Total,Males,LTU,Lithuania,2023,65300,2871585,4345,151.31,0.8,0
Total,Total,LTU,Lithuania,2023,65300,2871585,4551,158.48,0.8,0
Total,Females,LTU,Lithuania,2022,65300,2831639,214,7.56,0.799,0
Total,Males,LTU,Lithuania,2022,65300,2831639,4759,168.07,0.799,0
Total,Total,LTU,Lithuania,2022,65300,2831639,4973,175.62,0.799,0
Total,Females,LTU,Lithuania,2018,65300,2819200,304,10.78,0.749,0
Total,Males,LTU,Lithuania,2018,65300,2819200,6181,219.25,0.749,0
Total,Total,LTU,Lithuania,2018,65300,2819200,6485,230.03,0.749,0
Total,Females,LTU,Lithuania,2019,65300,2811089,288,10.25,0.747,0
Total,Males,LTU,Lithuania,2019,65300,2811089,5850,208.1,0.747,0
Total,Total,LTU,Lithuania,2019,65300,2811089,6138,218.35,0.747,0
Total,Females,LTU,Lithuania,2020,65300,2810369,252,8.97,0.745,0
Total,Males,LTU,Lithuania,2020,65300,2810369,5068,180.33,0.745,0
Total,Total,LTU,Lithuania,2020,65300,2810369,5320,189.3,0.745,0
Total,Females,LTU,Lithuania,2016,65300,2877325,322,11.19,0.744,0
Total,Males,LTU,Lithuania,2016,65300,2877325,6493,225.66,0.744,0
Total,Total,LTU,Lithuania,2016,65300,2877325,6815,236.85,0.744,0
Total,Females,LTU,Lithuania,2017,65300,2842639,331,11.64,0.742,0
Total,Males,LTU,Lithuania,2017,65300,2842639,6268,220.5,0.742,0
Total,Total,LTU,Lithuania,2017,65300,2842639,6599,232.14,0.742,0
Total,Females,LTU,Lithuania,2015,65300,2911109,296,10.17,0.74,0
Total,Males,LTU,Lithuania,2015,65300,2911109,7059,242.48,0.74,0
Total,Total,LTU,Lithuania,2015,65300,2911109,7355,252.65,0.74,0
Total,Females,LTU,Lithuania,2014,65300,2937253,380,12.94,0.7208,0
Total,Males,LTU,Lithuania,2014,65300,2937253,8256,281.08,0.7208,0
Total,Total,LTU,Lithuania,2014,65300,2937253,8636,294.02,0.7208,0
Total,Females,LUX,Luxembourg,2023,2586,666430,28,4.2,0.747,0
Total,Males,LUX,Luxembourg,2023,2586,666430,577,86.58,0.747,0
Total,Total,LUX,Luxembourg,2023,2586,666430,605,90.78,0.747,0
Total,Females,LUX,Luxembourg,2015,2586,569604,40,7.02,0.738,0
Total,Males,LUX,Luxembourg,2015,2586,569604,651,114.29,0.738,0
Total,Total,LUX,Luxembourg,2015,2586,569604,691,121.31,0.738,0
Total,Females,LUX,Luxembourg,2022,2586,653103,39,5.97,0.736,0
Total,Males,LUX,Luxembourg,2022,2586,653103,666,101.97,0.736,0
Total,Total,LUX,Luxembourg,2022,2586,653103,705,107.95,0.736,0
Total,Females,LUX,Luxembourg,2016,2586,582014,36,6.19,0.734,0
Total,Males,LUX,Luxembourg,2016,2586,582014,688,118.21,0.734,0
Total,Total,LUX,Luxembourg,2016,2586,582014,724,124.4,0.734,0
Total,Females,LUX,Luxembourg,2014,2586,556319,26,4.67,0.7333,0
Total,Males,LUX,Luxembourg,2014,2586,556319,600,107.85,0.7333,0
Total,Total,LUX,Luxembourg,2014,2586,556319,626,112.53,0.7333,0
Total,Females,LUX,Luxembourg,2021,2586,640064,34,5.31,0.726,0
Total,Males,LUX,Luxembourg,2021,2586,640064,583,91.08,0.726,0
Total,Total,LUX,Luxembourg,2021,2586,640064,617,96.4,0.726,0
Total,Females,LUX,Luxembourg,2020,2586,630419,29,4.6,0.725,0
Total,Males,LUX,Luxembourg,2020,2586,630419,528,83.75,0.725,0
Total,Total,LUX,Luxembourg,2020,2586,630419,557,88.35,0.725,0
Total,Females,LUX,Luxembourg,2019,2586,620001,32,5.16,0.7184999999999999,0
Total,Males,LUX,Luxembourg,2019,2586,620001,562,90.65,0.7184999999999999,0
Total,Total,LUX,Luxembourg,2019,2586,620001,594,95.81,0.7184999999999999,0
Total,Females,LUX,Luxembourg,2018,2586,607950,33,5.43,0.712,0
Total,Males,LUX,Luxembourg,2018,2586,607950,623,102.48,0.712,0
Total,Total,LUX,Luxembourg,2018,2586,607950,656,107.9,0.712,0
Total,Females,LUX,Luxembourg,2017,2586,596336,37,6.2,0.707,0
Total,Males,LUX,Luxembourg,2017,2586,596336,647,108.5,0.707,0
Total,Total,LUX,Luxembourg,2017,2586,596336,684,114.7,0.707,0
Total,Females,MLT,Malta,2023,316,552747,46,8.32,0.713,0
Total,Males,MLT,Malta,2023,316,552747,626,113.25,0.713,0
Total,Total,MLT,Malta,2023,316,552747,672,121.57,0.713,0
Total,Females,MLT,Malta,2021,316,518150,54,10.42,0.703,0
Total,Females,MLT,Malta,2022,316,531113,53,9.98,0.703,0
Total,Males,MLT,Malta,2021,316,518150,560,108.08,0.703,0
Total,Males,MLT,Malta,2022,316,531113,506,95.27,0.703,0
Total,Total,MLT,Malta,2021,316,518150,614,118.5,0.703,0
Total,Total,MLT,Malta,2022,316,531113,559,105.25,0.703,0
Total,Females,MLT,Malta,2020,316,515490,58,11.25,0.693,0
Total,Males,MLT,Malta,2020,316,515490,806,156.36,0.693,0
Total,Total,MLT,Malta,2020,316,515490,864,167.61,0.693,0
Total,Females,MLT,Malta,2019,316,503912,63,12.5,0.6895,0
Total,Males,MLT,Malta,2019,316,503912,691,137.13,0.6895,0
Total,Total,MLT,Malta,2019,316,503912,754,149.63,0.6895,0
Total,Females,MLT,Malta,2018,316,483903,72,14.88,0.686,0
Total,Males,MLT,Malta,2018,316,483903,563,116.35,0.686,0
Total,Total,MLT,Malta,2018,316,483903,635,131.22,0.686,0
Total,Females,MLT,Malta,2017,316,467106,56,11.99,0.682,0
Total,Males,MLT,Malta,2017,316,467106,517,110.68,0.682,0
Total,Total,MLT,Malta,2017,316,467106,591,126.52,0.682,0
Total,Females,MLT,Malta,2014,316,433481,37,8.54,0.6707,0
Total,Males,MLT,Malta,2014,316,433481,544,125.5,0.6707,0
Total,Total,MLT,Malta,2014,316,433481,581,134.03,0.6707,0
Total,Females,MLT,Malta,2015,316,444220,41,9.23,0.668,0
Total,Males,MLT,Malta,2015,316,444220,528,118.86,0.668,0
Total,Total,MLT,Malta,2015,316,444220,569,128.09,0.668,0
Total,Females,MLT,Malta,2016,316,454505,37,8.14,0.664,0
Total,Males,MLT,Malta,2016,316,454505,516,113.53,0.664,0
Total,Total,MLT,Malta,2016,316,454505,553,121.67,0.664,0
Total,Females,NLD,Netherlands,2023,41865,17877117,558,3.12,0.777,0
Total,Males,NLD,Netherlands,2023,41865,17877117,11123,62.22,0.777,0
Total,Total,NLD,Netherlands,2023,41865,17877117,11681,65.34,0.777,0
Total,Females,NLD,Netherlands,2015,41865,16939923,499,2.95,0.776,0
Total,Males,NLD,Netherlands,2015,41865,16939923,10351,61.1,0.776,0
Total,Total,NLD,Netherlands,2015,41865,16939923,10850,64.05,0.776,0
Total,Females,NLD,Netherlands,2014,41865,16865008,671,3.98,0.773,0
Total,Males,NLD,Netherlands,2014,41865,16865008,11263,66.78,0.773,0
Total,Total,NLD,Netherlands,2014,41865,16865008,11934,70.76,0.773,0
Total,Females,NLD,Netherlands,2022,41865,17700982,519,2.93,0.767,0
Total,Males,NLD,Netherlands,2022,41865,17700982,10719,60.56,0.767,0
Total,Total,NLD,Netherlands,2022,41865,17700982,11238,63.49,0.767,0
Total,Females,NLD,Netherlands,2021,41865,17533044,574,3.27,0.762,0
Total,Males,NLD,Netherlands,2021,41865,17533044,10735,61.23,0.762,0
Total,Total,NLD,Netherlands,2021,41865,17533044,11309,64.5,0.762,0
Total,Females,NLD,Netherlands,2016,41865,17030314,580,3.41,0.756,0
Total,Males,NLD,Netherlands,2016,41865,17030314,10021,58.84,0.756,0
Total,Total,NLD,Netherlands,2016,41865,17030314,10601,62.25,0.756,0
Total,Females,NLD,Netherlands,2018,41865,17231624,627,3.64,0.747,0
Total,Males,NLD,Netherlands,2018,41865,17231624,10624,61.65,0.747,0
Total,Total,NLD,Netherlands,2018,41865,17231624,11251,65.29,0.747,0
Total,Females,NLD,Netherlands,2017,41865,17131296,596,3.48,0.737,0
Total,Males,NLD,Netherlands,2017,41865,17131296,10278,60.0,0.737,0
Total,Total,NLD,Netherlands,2017,41865,17131296,10874,63.47,0.737,0
Total,Females,NLD,Netherlands,2019,41865,17344874,724,4.17,0.7244999999999999,0
Total,Males,NLD,Netherlands,2019,41865,17344874,11053,63.72,0.7244999999999999,0
Total,Total,NLD,Netherlands,2019,41865,17344874,11777,67.9,0.7244999999999999,0
Total,Females,NLD,Netherlands,2020,41865,17441500,514,2.95,0.702,0
Total,Males,NLD,Netherlands,2020,41865,17441500,10510,60.26,0.702,0
Total,Total,NLD,Netherlands,2020,41865,17441500,11024,63.21,0.702,0
Total,Females,POL,Poland,2020,312696,37515748,3137,8.36,0.736,0
Total,Males,POL,Poland,2020,312696,37515748,65217,173.84,0.736,0
Total,Total,POL,Poland,2020,312696,37515748,68354,182.2,0.736,0
Total,Females,POL,Poland,2019,312696,37965475,3272,8.62,0.732,0
Total,Males,POL,Poland,2019,312696,37965475,71340,187.91,0.732,0
Total,Total,POL,Poland,2019,312696,37965475,74612,196.53,0.732,0
Total,Females,POL,Poland,2017,312696,37974826,2983,7.86,0.728,0
Total,Females,POL,Poland,2018,312696,37974750,3029,7.98,0.728,0
Total,Males,POL,Poland,2017,312696,37974826,71497,188.27,0.728,0
Total,Males,POL,Poland,2018,312696,37974750,69789,183.78,0.728,0
Total,Total,POL,Poland,2017,312696,37974826,74480,196.13,0.728,0
Total,Total,POL,Poland,2018,312696,37974750,72818,191.75,0.728,0
Total,Females,POL,Poland,2016,312696,37970087,2642,6.96,0.727,0
Total,Males,POL,Poland,2016,312696,37970087,69567,183.22,0.727,0
Total,Total,POL,Poland,2016,312696,37970087,72209,190.17,0.727,0
Total,Females,POL,Poland,2023,312696,36687353,3832,10.45,0.722,0
Total,Males,POL,Poland,2023,312696,36687353,70673,192.64,0.722,0
Total,Total,POL,Poland,2023,312696,36687353,74505,203.08,0.722,0
Total,Females,POL,Poland,2015,312696,37986412,2579,6.79,0.715,0
Total,Males,POL,Poland,2015,312696,37986412,70116,184.58,0.715,0
Total,Total,POL,Poland,2015,312696,37986412,72695,191.37,0.715,0
Total,Females,POL,Poland,2021,312696,36981559,3445,9.32,0.713,0
Total,Males,POL,Poland,2021,312696,36981559,68824,186.1,0.713,0
Total,Total,POL,Poland,2021,312696,36981559,72269,195.42,0.713,0
Total,Females,POL,Poland,2022,312696,36821749,3522,9.56,0.709,0
Total,Males,POL,Poland,2022,312696,36821749,68201,185.22,0.709,0
Total,Total,POL,Poland,2022,312696,36821749,71723,194.78,0.709,0
Total,Females,POL,Poland,2014,312696,38011735,2771,7.29,0.7051,0
Total,Males,POL,Poland,2014,312696,38011735,76574,201.45,0.7051,0
Total,Total,POL,Poland,2014,312696,38011735,79345,208.74,0.7051,0
Total,Females,PRT,Portugal,2021,92212,10361831,827,7.98,0.775,0
Total,Males,PRT,Portugal,2021,92212,10361831,10877,104.97,0.775,0
Total,Total,PRT,Portugal,2021,92212,10361831,11704,112.95,0.775,0
Total,Females,PRT,Portugal,2022,92212,10434332,899,8.62,0.766,0
Total,Males,PRT,Portugal,2022,92212,10434332,11603,111.2,0.766,0
Total,Total,PRT,Portugal,2022,92212,10434332,12502,119.82,0.766,0
Total,Females,PRT,Portugal,2023,92212,10578174,921,8.71,0.765,0
Total,Males,PRT,Portugal,2023,92212,10578174,11400,107.77,0.765,0
Total,Total,PRT,Portugal,2023,92212,10578174,12321,116.48,0.765,0
Total,Females,PRT,Portugal,2020,92212,10297081,808,7.85,0.744,0
Total,Males,PRT,Portugal,2020,92212,10297081,10694,103.85,0.744,0
Total,Total,PRT,Portugal,2020,92212,10297081,11502,111.7,0.744,0
Total,Females,PRT,Portugal,2019,92212,10286263,857,8.33,0.738,0
Total,Males,PRT,Portugal,2019,92212,10286263,11936,116.03,0.738,0
Total,Total,PRT,Portugal,2019,92212,10286263,12793,124.36,0.738,0
Total,Females,PRT,Portugal,2016,92212,10325452,908,8.79,0.737,0
Total,Males,PRT,Portugal,2016,92212,10325452,12871,124.65,0.737,0
Total,Total,PRT,Portugal,2016,92212,10325452,13779,133.44,0.737,0
Total,Females,PRT,Portugal,2017,92212,10300300,871,8.45,0.734,0
Total,Males,PRT,Portugal,2017,92212,10300300,12569,122.02,0.734,0
Total,Total,PRT,Portugal,2017,92212,10300300,13440,130.48,0.734,0
Total,Females,PRT,Portugal,2018,92212,10283822,855,8.31,0.732,0
Total,Males,PRT,Portugal,2018,92212,10283822,12012,116.80,0.732,0
Total,Total,PRT,Portugal,2018,92212,10283822,12867,125.12,0.732,0
Total,Females,PRT,Portugal,2015,92212,10358076,855,8.25,0.731,0
Total,Males,PRT,Portugal,2015,92212,10358076,13152,126.97,0.731,0
Total,Total,PRT,Portugal,2015,92212,10358076,14373,138.76,0.731,0
Total,Females,PRT,Portugal,2014,92212,10401062,835,8.03,0.7243,0
Total,Males,PRT,Portugal,2014,92212,10401062,12925,124.27,0.7243,0
Total,Total,PRT,Portugal,2014,92212,10401062,14198,136.51,0.7243,0
Total,Females,ROU,Romania,2020,238397,19265250,1016,5.27,0.724,0
Total,Males,ROU,Romania,2020,238397,19265250,20737,107.64,0.724,0
Total,Total,ROU,Romania,2020,238397,19265250,21753,112.91,0.724,0
Total,Females,ROU,Romania,2019,238397,19371648,932,4.81,0.7175,0
Total,Males,ROU,Romania,2019,238397,19371648,19646,101.42,0.7175,0
Total,Total,ROU,Romania,2019,238397,19371648,20578,106.23,0.7175,0
Total,Females,ROU,Romania,2018,238397,19473970,948,4.87,0.711,0
Total,Males,ROU,Romania,2018,238397,19473970,19844,101.9,0.711,0
Total,Total,ROU,Romania,2018,238397,19473970,20792,106.77,0.711,0
Total,Females,ROU,Romania,2017,238397,19588715,1120,5.72,0.708,0
Total,Males,ROU,Romania,2017,238397,19588715,22330,113.99,0.708,0
Total,Total,ROU,Romania,2017,238397,19588715,23450,119.71,0.708,0
Total,Females,ROU,Romania,2021,238397,19122059,1019,5.33,0.7,0
Total,Males,ROU,Romania,2021,238397,19122059,21970,114.89,0.7,0
Total,Total,ROU,Romania,2021,238397,19122059,22989,120.22,0.7,0
Total,Females,ROU,Romania,2022,238397,19048502,1041,5.46,0.698,0
Total,Males,ROU,Romania,2022,238397,19048502,22041,115.71,0.698,0
Total,Total,ROU,Romania,2022,238397,19048502,23082,121.17,0.698,0
Total,Females,ROU,Romania,2023,238397,19061062,1049,5.5,0.697,0
Total,Males,ROU,Romania,2023,238397,19061062,22601,118.57,0.697,0
Total,Total,ROU,Romania,2023,238397,19061062,23650,124.07,0.697,0
Total,Females,ROU,Romania,2014,238397,19908979,1537,7.72,0.6936,0
Total,Males,ROU,Romania,2014,238397,19908979,28619,143.75,0.6936,0
Total,Total,ROU,Romania,2014,238397,19908979,30156,151.47,0.6936,0
Total,Females,ROU,Romania,2015,238397,19815616,1443,7.28,0.693,0
Total,Males,ROU,Romania,2015,238397,19815616,26891,135.71,0.693,0
Total,Total,ROU,Romania,2015,238397,19815616,28334,142.99,0.693,0
Total,Females,ROU,Romania,2016,238397,19702267,1411,7.16,0.69,0
Total,Males,ROU,Romania,2016,238397,19702267,26044,132.19,0.69,0
Total,Total,ROU,Romania,2016,238397,19702267,27455,139.35,0.69,0
Total,Females,SVK,Slovakia,2023,49035,5426740,750,13.82,0.72,0
Total,Males,SVK,Slovakia,2023,49035,5426740,8974,165.37,0.72,0
Total,Total,SVK,Slovakia,2023,49035,5426740,9724,179.19,0.72,0
Total,Females,SVK,Slovakia,2020,49035,5458827,791,14.49,0.718,0
Total,Males,SVK,Slovakia,2020,49035,5458827,9728,178.21,0.718,0
Total,Total,SVK,Slovakia,2020,49035,5458827,10519,192.7,0.718,0
Total,Females,SVK,Slovakia,2022,49035,5431752,620,11.41,0.717,0
Total,Males,SVK,Slovakia,2022,49035,5431752,9219,169.72,0.717,0
Total,Total,SVK,Slovakia,2022,49035,5431752,9839,181.14,0.717,0
Total,Females,SVK,Slovakia,2021,49035,5447247,751,13.79,0.712,0
Total,Males,SVK,Slovakia,2021,49035,5447247,9353,171.7,0.712,0
Total,Total,SVK,Slovakia,2021,49035,5447247,10104,185.49,0.712,0
Total,Females,SVK,Slovakia,2019,49035,5454147,785,14.39,0.7055,0
Total,Males,SVK,Slovakia,2019,49035,5454147,9770,179.13,0.7055,0
Total,Total,SVK,Slovakia,2019,49035,5454147,10555,193.52,0.7055,0
Total,Females,SVK,Slovakia,2017,49035,5439232,716,13.16,0.694,0
Total,Males,SVK,Slovakia,2017,49035,5439232,9312,171.2,0.694,0
Total,Total,SVK,Slovakia,2017,49035,5439232,10028,184.36,0.694,0
Total,Females,SVK,Slovakia,2018,49035,5446771,772,14.17,0.693,0
Total,Males,SVK,Slovakia,2018,49035,5446771,9522,174.82,0.693,0
Total,Total,SVK,Slovakia,2018,49035,5446771,10294,188.99,0.693,0
Total,Females,SVK,Slovakia,2014,49035,5418649,614,11.33,0.6806,0
Total,Males,SVK,Slovakia,2014,49035,5418649,9406,173.59,0.6806,0
Total,Total,SVK,Slovakia,2014,49035,5418649,10020,184.92,0.6806,0
Total,Females,SVK,Slovakia,2016,49035,5430798,673,12.39,0.679,0
Total,Males,SVK,Slovakia,2016,49035,5430798,9322,171.65,0.679,0
Total,Total,SVK,Slovakia,2016,49035,5430798,9995,184.04,0.679,0
Total,Females,SVK,Slovakia,2015,49035,5423801,631,11.63,0.675,0
Total,Males,SVK,Slovakia,2015,49035,5423801,9282,171.13,0.675,0
Total,Total,SVK,Slovakia,2015,49035,5423801,9913,182.77,0.675,0
Total,Females,SVN,Slovenia,2016,20271,2065042,104,5.04,0.786,0
Total,Males,SVN,Slovenia,2016,20271,2065042,1204,58.3,0.786,0
Total,Total,SVN,Slovenia,2016,20271,2065042,1308,63.34,0.786,0
Total,Females,SVN,Slovenia,2015,20271,2063531,81,3.93,0.784,0
Total,Females,SVN,Slovenia,2018,20271,2073894,81,3.91,0.784,0
Total,Males,SVN,Slovenia,2015,20271,2063531,1318,63.87,0.784,0
Total,Males,SVN,Slovenia,2018,20271,2073894,1265,61.0,0.784,0
Total,Total,SVN,Slovenia,2015,20271,2063531,1399,67.8,0.784,0
Total,Total,SVN,Slovenia,2018,20271,2073894,1346,64.9,0.784,0
Total,Males,SVN,Slovenia,2017,20271,2073894,1219,58.77,0.805,0
Total,Females,SVN,Slovenia,2017,20271,2073894,97,4.68,0.805,0
Total,Total,SVN,Slovenia,2017,20271,2073894,1316,63.45,0.805,0
Total,Females,SVN,Slovenia,2023,20271,2120461,79,3.73,0.773,0
Total,Males,SVN,Slovenia,2023,20271,2120461,1359,64.09,0.773,0
Total,Total,SVN,Slovenia,2023,20271,2120461,1438,67.82,0.773,0
Total,Females,SVN,Slovenia,2019,20271,2088385,76,3.64,0.7635000000000001,0
Total,Males,SVN,Slovenia,2019,20271,2088385,1320,63.21,0.7635000000000001,0
Total,Total,SVN,Slovenia,2019,20271,2088385,1396,66.85,0.7635000000000001,0
Total,Females,SVN,Slovenia,2014,20271,2061980,89,4.32,0.7443,0
Total,Males,SVN,Slovenia,2014,20271,2061980,1433,69.5,0.7443,0
Total,Total,SVN,Slovenia,2014,20271,2061980,1522,73.81,0.7443,0
Total,Females,SVN,Slovenia,2022,20271,2112076,74,3.5,0.744,0
Total,Males,SVN,Slovenia,2022,20271,2112076,1306,61.83,0.744,0
Total,Total,SVN,Slovenia,2022,20271,2112076,1380,65.34,0.744,0
Total,Females,SVN,Slovenia,2020,20271,2102419,69,3.28,0.743,0
Total,Males,SVN,Slovenia,2020,20271,2102419,1380,65.64,0.743,0
Total,Total,SVN,Slovenia,2020,20271,2102419,1449,68.92,0.743,0
Total,Females,SVN,Slovenia,2021,20271,2108079,56,2.66,0.741,0
Total,Males,SVN,Slovenia,2021,20271,2108079,1080,51.23,0.741,0
Total,Total,SVN,Slovenia,2021,20271,2108079,1136,53.89,0.741,0
Total,Females,ESP,Spain,2020,505990,47359424,4015,8.48,0.795,0
Total,Males,ESP,Spain,2020,505990,47359424,51165,108.04,0.795,0
Total,Total,ESP,Spain,2020,505990,47359424,55180,116.51,0.795,0
Total,Females,ESP,Spain,2023,505990,48352528,4000,8.27,0.791,0
Total,Males,ESP,Spain,2023,505990,48352528,52698,108.99,0.791,0
Total,Total,ESP,Spain,2023,505990,48352528,56698,117.26,0.791,0
Total,Females,ESP,Spain,2021,505990,47443821,3925,8.27,0.788,0
Total,Females,ESP,Spain,2022,505990,47786102,3971,8.31,0.788,0
Total,Males,ESP,Spain,2021,505990,47443821,51172,107.86,0.788,0
Total,Males,ESP,Spain,2022,505990,47786102,51780,108.36,0.788,0
Total,Total,ESP,Spain,2021,505990,47443821,55097,116.13,0.788,0
Total,Total,ESP,Spain,2022,505990,47786102,55751,116.67,0.788,0
Total,Females,ESP,Spain,2019,505990,47118501,4373,9.28,0.7705,0
Total,Males,ESP,Spain,2019,505990,47118501,54144,114.91,0.7705,0
Total,Total,ESP,Spain,2019,505990,47118501,58517,124.19,0.7705,0
Total,Females,ESP,Spain,2017,505990,46571232,4362,9.37,0.746,0
Total,Females,ESP,Spain,2018,505990,46782011,4434,9.48,0.746,0
Total,Males,ESP,Spain,2017,505990,46571232,54447,116.91,0.746,0
Total,Males,ESP,Spain,2018,505990,46782011,54449,116.39,0.746,0
Total,Total,ESP,Spain,2017,505990,46571232,58812,126.28,0.746,0
Total,Total,ESP,Spain,2018,505990,46782011,58883,125.87,0.746,0
Total,Females,ESP,Spain,2015,505990,46422303,4658,10.03,0.742,0
Total,Males,ESP,Spain,2015,505990,46422303,55737,120.07,0.742,0
Total,Total,ESP,Spain,2015,505990,46422303,61614,132.72,0.742,0
Total,Females,ESP,Spain,2016,505990,46458139,4390,9.45,0.738,0
Total,Males,ESP,Spain,2016,505990,46458139,53971,116.17,0.738,0
Total,Total,ESP,Spain,2016,505990,46458139,59589,128.26,0.738,0
Total,Females,ESP,Spain,2014,505990,46460733,4911,10.57,0.7325,0
Total,Males,ESP,Spain,2014,505990,46460733,58798,126.55,0.7325,0
Total,Total,ESP,Spain,2014,505990,46460733,65017,139.94,0.7325,0
Total,Females,SWE,Sweden,2015,450295,9799186,327,3.34,0.823,0
Total,Females,SWE,Sweden,2021,450295,10415811,457,4.39,0.823,0
Total,Males,SWE,Sweden,2015,450295,9799186,5364,54.74,0.823,0
Total,Males,SWE,Sweden,2021,450295,10415811,7319,70.27,0.823,0
Total,Total,SWE,Sweden,2015,450295,9799186,5691,58.08,0.823,0
Total,Total,SWE,Sweden,2021,450295,10415811,7776,74.66,0.823,0
Total,Females,SWE,Sweden,2018,450295,10175214,345,3.39,0.822,0
Total,Females,SWE,Sweden,2022,450295,10486941,530,5.05,0.822,0
Total,Males,SWE,Sweden,2018,450295,10175214,5769,56.7,0.822,0
Total,Males,SWE,Sweden,2022,450295,10486941,7884,75.18,0.822,0
Total,Total,SWE,Sweden,2018,450295,10175214,6114,60.09,0.822,0
Total,Total,SWE,Sweden,2022,450295,10486941,8414,80.23,0.822,0
Total,Females,SWE,Sweden,2019,450295,10278887,408,3.97,0.821,0
Total,Males,SWE,Sweden,2019,450295,10278887,6311,61.4,0.821,0
Total,Total,SWE,Sweden,2019,450295,10278887,6719,65.37,0.821,0
Total,Females,SWE,Sweden,2020,450295,10353442,438,4.23,0.82,0
Total,Males,SWE,Sweden,2020,450295,10353442,6859,66.25,0.82,0
Total,Total,SWE,Sweden,2020,450295,10353442,7297,70.48,0.82,0
Total,Females,SWE,Sweden,2014,450295,9696110,333,3.43,0.8165,0
Total,Males,SWE,Sweden,2014,450295,9696110,5474,56.46,0.8165,0
Total,Total,SWE,Sweden,2014,450295,9696110,5807,59.89,0.8165,0
Total,Females,SWE,Sweden,2017,450295,10057698,348,3.46,0.816,0
Total,Males,SWE,Sweden,2017,450295,10057698,5365,53.34,0.816,0
Total,Total,SWE,Sweden,2017,450295,10057698,5713,56.8,0.816,0
Total,Females,SWE,Sweden,2016,450295,9923085,346,3.49,0.815,0
Total,Females,SWE,Sweden,2023,450295,10536632,664,6.3,0.815,0
Total,Males,SWE,Sweden,2016,450295,9923085,5312,53.53,0.815,0
Total,Males,SWE,Sweden,2023,450295,10536632,9084,86.21,0.815,0
Total,Total,SWE,Sweden,2016,450295,9923085,5658,57.02,0.815,0
Total,Total,SWE,Sweden,2023,450295,10536632,9748,92.52,0.815,0