Age class,Sex,geo,Geopolitical entity (reporting),TIME_PERIOD,area_km2,population_year,Total,PerHundred,Gender_index
Adult,Total,AUT,Austria,2014,83879,8546356,8612,100.77,0.7266
Adult,Total,AUT,Austria,2015,83879,8642699,8555,98.99,0.733
Adult,Total,AUT,Austria,2016,83879,8736668,8503,97.33,0.716
Adult,Total,AUT,Austria,2017,83879,8797566,8710,99.0,0.709
Adult,Total,AUT,Austria,2018,83879,8840521,9034,102.19,0.718
Adult,Total,AUT,Austria,2019,83879,8879920,8925,100.51,0.731
Adult,Total,AUT,Austria,2020,83879,8916864,8397,94.17,0.744
Adult,Total,AUT,Austria,2021,83879,8955797,8340,93.12,0.777
Adult,Total,AUT,Austria,2022,83879,9041851,8904,98.48,0.781
Adult,Total,AUT,Austria,2023,83879,9131761,8970,98.23,0.74
Adult,Total,BEL,Belgium,2015,30689,11274196,10870,96.41,0.753
Adult,Total,BEL,Belgium,2017,30689,11375158,10471,92.05,0.739
Adult,Total,BEL,Belgium,2018,30689,11427054,10261,89.8,0.738
Adult,Total,BEL,Belgium,2019,30689,11488980,10794,93.95,0.7444999999999999
Adult,Total,BEL,Belgium,2020,30689,11538604,10357,89.76,0.751
Adult,Total,BEL,Belgium,2021,30689,11586195,10769,92.95,0.789
Adult,Total,BEL,Belgium,2022,30689,11680210,11050,94.6,0.793
Adult,Total,BEL,Belgium,2023,30689,11779946,11893,100.96,0.796
Adult,Total,BGR,Bulgaria,2014,110994,7073572,7807,110.37,0.7444
Adult,Total,BGR,Bulgaria,2015,110994,6984225,7362,105.41,0.722
Adult,Total,BGR,Bulgaria,2016,110994,6894139,7318,106.15,0.726
Adult,Total,BGR,Bulgaria,2017,110994,6803468,6958,102.27,0.756
Adult,Total,BGR,Bulgaria,2018,110994,6710798,6624,98.71,0.756
Adult,Total,BGR,Bulgaria,2019,110994,6616726,6428,97.15,0.7415
Adult,Total,BGR,Bulgaria,2020,110994,6550696,6221,94.97,0.727
Adult,Total,BGR,Bulgaria,2021,110994,6507301,5858,90.02,0.746
Adult,Total,BGR,Bulgaria,2022,110994,6465097,5567,86.11,0.74
Adult,Total,BGR,Bulgaria,2023,110994,6446596,5518,85.6,0.715
Adult,Total,CYP,Cyprus,2014,9251,1201801,509,42.35,0.6741
Adult,Total,CYP,Cyprus,2015,9251,1219502,523,42.89,0.671
Adult,Total,CYP,Cyprus,2016,9251,1237112,571,46.16,0.684
Adult,Total,CYP,Cyprus,2017,9251,1254275,571,45.52,0.684
Adult,Total,CYP,Cyprus,2018,9251,1270737,603,47.45,0.684
Adult,Total,CYP,Cyprus,2019,9251,1286671,734,57.05,0.688
Adult,Total,CYP,Cyprus,2020,9251,1302247,587,45.08,0.692
Adult,Total,CYP,Cyprus,2021,9251,1317309,765,58.07,0.707
Adult,Total,CYP,Cyprus,2022,9251,1331370,932,70.0,0.696
Adult,Total,CYP,Cyprus,2023,9251,1344976,933,69.37,0.678
Adult,Total,CZE,Czechia,2014,78871,10525347,18551,176.25,0.6737
Adult,Total,CZE,Czechia,2015,78871,10546059,20768,196.93,0.687
Adult,Total,CZE,Czechia,2016,78871,10566332,22396,211.96,0.69
Adult,Total,CZE,Czechia,2017,78871,10594438,22085,208.46,0.688
Adult,Total,CZE,Czechia,2018,78871,10629928,21514,202.39,0.693
Adult,Total,CZE,Czechia,2019,78871,10671870,20987,196.66,0.6995
Adult,Total,CZE,Czechia,2020,78871,10697858,19201,179.48,0.706
Adult,Total,CZE,Czechia,2021,78871,10505772,18682,177.83,0.711
Adult,Total,CZE,Czechia,2022,78871,10672118,18999,178.02,0.71
Adult,Total,CZE,Czechia,2023,78871,10864042,19479,179.3,0.685
Adult,Total,DEU,Germany,2014,357596,80982500,63228,78.08,0.778
Adult,Total,DEU,Germany,2015,357596,81686611,63020,77.15,0.779
Adult,Total,DNK,Denmark,2014,42952,5643475,3574,63.33,0.8025
Adult,Total,DNK,Denmark,2015,42952,5683483,3197,56.25,0.767
Adult,Total,DNK,Denmark,2016,42952,5728010,3392,59.22,0.754
Adult,Total,DNK,Denmark,2017,42952,5764980,3409,59.13,0.776
Adult,Total,DNK,Denmark,2018,42952,5793636,3623,62.53,0.778
Adult,Total,DNK,Denmark,2019,42952,5814422,3911,67.26,0.78
Adult,Total,DNK,Denmark,2020,42952,5831404,4160,71.34,0.782
Adult,Total,DNK,Denmark,2021,42952,5856733,4213,71.93,0.768
Adult,Total,DNK,Denmark,2022,42952,5903037,4198,71.12,0.764
Adult,Total,DNK,Denmark,2023,42952,5946952,4144,69.68,0.78
Adult,Total,EST,Estonia,2014,45339,1314545,3001,228.29,0.7017
Adult,Total,EST,Estonia,2015,45339,1315407,2799,212.79,0.749
Adult,Total,EST,Estonia,2016,45339,1315790,2835,215.46,0.747
Adult,Total,EST,Estonia,2017,45339,1317384,2703,205.18,0.731
Adult,Total,EST,Estonia,2018,45339,1321977,2570,194.41,0.734
Adult,Total,EST,Estonia,2020,45339,1329522,2343,176.23,0.751
Adult,Total,EST,Estonia,2021,45339,1330932,2184,164.1,0.733
Adult,Total,EST,Estonia,2022,45339,1348840,2070,153.47,0.733
Adult,Total,EST,Estonia,2023,45339,1370286,1840,134.28,0.782
Adult,Total,GRC,Greece,2014,131957,10892413,11767,108.03,0.6784
Adult,Total,GRC,Greece,2015,131957,10820883,9598,88.7,0.685
Adult,Total,GRC,Greece,2016,131957,10775971,9538,88.51,0.68
Adult,Total,GRC,Greece,2017,131957,10754679,9998,92.96,0.692
Adult,Total,GRC,Greece,2018,131957,10732882,10630,99.04,0.696
Adult,Total,GRC,Greece,2019,131957,10721582,10861,101.3,0.6984999999999999
Adult,Total,GRC,Greece,2020,131957,10698599,11346,106.05,0.701
Adult,Total,GRC,Greece,2021,131957,10569207,10998,104.06,0.689
Adult,Total,GRC,Greece,2022,131957,10436882,10490,100.51,0.689
Adult,Total,GRC,Greece,2023,131957,10407351,10212,98.12,0.693
Adult,Total,ESP,Spain,2014,505990,46460733,62973,135.54,0.7325
Adult,Total,ESP,Spain,2015,505990,46422303,59726,128.66,0.742
Adult,Total,ESP,Spain,2016,505990,46458139,57711,124.22,0.738
Adult,Total,ESP,Spain,2017,505990,46571232,58182,124.93,0.746
Adult,Total,ESP,Spain,2018,505990,46782011,58174,124.35,0.746
Adult,Total,ESP,Spain,2019,505990,47118501,57701,122.46,0.7705
Adult,Total,ESP,Spain,2020,505990,47359424,54665,115.43,0.795
Adult,Total,ESP,Spain,2021,505990,47443821,54214,114.27,0.788
Adult,Total,ESP,Spain,2022,505990,47786102,54838,114.76,0.788
Adult,Total,ESP,Spain,2023,505990,48352528,55844,115.49,0.791
Adult,Total,FIN,Finland,2014,338455,5461512,3047,55.79,0.8453
Adult,Total,FIN,Finland,2015,338455,5479531,3046,55.59,0.85
Adult,Total,FIN,Finland,2016,338455,5495303,3063,55.74,0.845
Adult,Total,FIN,Finland,2017,338455,5508214,2984,54.17,0.823
Adult,Total,FIN,Finland,2018,338455,5515525,2865,51.94,0.821
Adult,Total,FIN,Finland,2019,338455,5521606,2872,52.01,0.8265
Adult,Total,FIN,Finland,2020,338455,5529543,2666,48.21,0.832
Adult,Total,FIN,Finland,2021,338455,5541017,2729,49.25,0.861
Adult,Total,FIN,Finland,2022,338455,5556106,2856,51.4,0.86
Adult,Total,FIN,Finland,2023,338455,5583911,2947,52.78,0.863
Adult,Total,FRA,France,2014,643801,66312067,65566,98.87,0.7588
Adult,Total,FRA,France,2015,643801,66548272,65970,99.13,0.761
Adult,Total,FRA,France,2016,643801,66724104,67674,101.42,0.755
Adult,Total,FRA,France,2017,643801,66918020,68202,101.92,0.778
Adult,Total,FRA,France,2018,643801,67158348,69290,103.17,0.779
Adult,Total,FRA,France,2019,643801,67382061,69914,103.76,0.78
Adult,Total,FRA,France,2020,643801,67601110,61783,91.39,0.781
Adult,Total,FRA,France,2021,643801,67842811,68829,101.45,0.784
Adult,Total,FRA,France,2022,643801,68184457,71559,104.95,0.791
Adult,Total,FRA,France,2023,643801,68372286,75181,109.96,0.756
Adult,Total,HRV,Croatia,2014,56594,4201598,3693,87.9,0.7075
Adult,Total,HRV,Croatia,2015,56594,4151725,3290,79.24,0.708
Adult,Total,HRV,Croatia,2016,56594,4106867,3063,74.58,0.7
Adult,Total,HRV,Croatia,2017,56594,4041407,3137,77.62,0.711
Adult,Total,HRV,Croatia,2018,56594,3988775,3173,79.55,0.712
Adult,Total,HRV,Croatia,2019,56594,3949390,3478,88.06,0.716
Adult,Total,HRV,Croatia,2020,56594,3914206,3480,88.91,0.72
Adult,Total,HRV,Croatia,2021,56594,3878981,3865,99.64,0.733
Adult,Total,HRV,Croatia,2022,56594,3855641,4046,104.94,0.733
Adult,Total,HRV,Croatia,2023,56594,3859686,4397,113.92,0.73
Adult,Total,HUN,Hungary,2014,93030,9833038,17466,177.63,0.6759
Adult,Total,HUN,Hungary,2015,93030,9797755,17097,174.5,0.672
Adult,Total,HUN,Hungary,2016,93030,9759755,17351,177.78,0.669
Adult,Total,HUN,Hungary,2017,93030,9726756,17106,175.87,0.67
Adult,Total,HUN,Hungary,2018,93030,9706964,16102,165.88,0.674
Adult,Total,HUN,Hungary,2019,93030,9694824,16158,166.67,0.6755
Adult,Total,HUN,Hungary,2020,93030,9670419,16614,171.8,0.677
Adult,Total,HUN,Hungary,2021,93030,9630932,18463,191.71,0.688
Adult,Total,HUN,Hungary,2022,93030,9605074,19197,199.86,0.699
Adult,Total,HUN,Hungary,2023,93030,9592186,17793,185.49,0.689
Adult,Total,IRL,Ireland,2014,70273,4657740,3204,68.79,0.785
Adult,Total,IRL,Ireland,2015,70273,4701957,3150,66.99,0.807
Adult,Total,IRL,Ireland,2016,70273,4762722,3063,64.31,0.797
Adult,Total,IRL,Ireland,2019,70273,4976456,4017,80.72,0.797
Adult,Total,IRL,Ireland,2020,70273,5039747,3810,75.6,0.798
Adult,Total,IRL,Ireland,2021,70273,5110585,3806,74.47,0.8
Adult,Total,IRL,Ireland,2022,70273,5212836,4369,83.81,0.804
Adult,Total,IRL,Ireland,2023,70273,5311538,4731,89.07,0.795
Adult,Total,ITA,Italy,2014,302068,60320707,53623,88.9,0.6973
Adult,Total,ITA,Italy,2015,302068,60229605,52164,86.61,0.726
Adult,Total,ITA,Italy,2016,302068,60115223,54653,90.91,0.719
Adult,Total,ITA,Italy,2017,302068,60002252,57608,96.01,0.692
Adult,Total,ITA,Italy,2018,302068,60148658,59655,99.18,0.706
Adult,Total,ITA,Italy,2019,302068,59729081,60769,101.74,0.7064999999999999
Adult,Total,ITA,Italy,2020,302068,59438851,53364,89.78,0.707
Adult,Total,ITA,Italy,2021,302068,59133173,54134,91.55,0.721
Adult,Total,ITA,Italy,2022,302068,59013667,56196,95.23,0.72
Adult,Total,ITA,Italy,2023,302068,58984216,60166,102.0,0.705
Adult,Total,LTU,Lithuania,2014,65300,2937253,8552,291.16,0.7208
Adult,Total,LTU,Lithuania,2015,65300,2911109,7270,249.73,0.74
Adult,Total,LTU,Lithuania,2016,65300,2877325,6757,234.84,0.744
Adult,Total,LTU,Lithuania,2017,65300,2842639,6548,230.35,0.742
Adult,Total,LTU,Lithuania,2018,65300,2819200,6433,228.19,0.749
Adult,Total,LTU,Lithuania,2019,65300,2811089,6098,216.93,0.747
Adult,Total,LTU,Lithuania,2020,65300,2810369,5298,188.52,0.745
Adult,Total,LTU,Lithuania,2021,65300,2808380,5069,180.5,0.804
Adult,Total,LTU,Lithuania,2022,65300,2831639,4961,175.2,0.799
Adult,Total,LTU,Lithuania,2023,65300,2871585,4541,158.14,0.8
Adult,Total,LUX,Luxembourg,2014,2586,556319,622,111.81,0.7333
Adult,Total,LUX,Luxembourg,2015,2586,569604,689,120.96,0.738
Adult,Total,LUX,Luxembourg,2016,2586,582014,717,123.19,0.734
Adult,Total,LUX,Luxembourg,2017,2586,596336,682,114.37,0.707
Adult,Total,LUX,Luxembourg,2018,2586,607950,656,107.9,0.712
Adult,Total,LUX,Luxembourg,2019,2586,620001,594,95.81,0.7184999999999999
Adult,Total,LUX,Luxembourg,2020,2586,630419,557,88.35,0.725
Adult,Total,LUX,Luxembourg,2021,2586,640064,606,94.68,0.726
Adult,Total,LUX,Luxembourg,2022,2586,653103,697,106.72,0.736
Adult,Total,LUX,Luxembourg,2023,2586,666430,600,90.03,0.747
Adult,Total,LVA,Latvia,2014,64589,1993782,4707,236.08,0.7691
Adult,Total,LVA,Latvia,2015,64589,1977527,4367,220.83,0.752
Adult,Total,LVA,Latvia,2016,64589,1959537,4200,214.34,0.775
Adult,Total,LVA,Latvia,2017,64589,1942248,3724,191.74,0.756
Adult,Total,LVA,Latvia,2018,64589,1927174,3487,180.94,0.758
Adult,Total,LVA,Latvia,2019,64589,1913822,3378,176.51,0.7715000000000001
Adult,Total,LVA,Latvia,2020,64589,1900449,3079,162.01,0.785
Adult,Total,LVA,Latvia,2021,64589,1884490,3156,167.47,0.778
Adult,Total,LVA,Latvia,2022,64589,1879383,3206,170.59,0.771
Adult,Total,LVA,Latvia,2023,64589,1883710,3241,172.05,0.794
Adult,Total,MLT,Malta,2014,316,433481,567,130.8,0.6707
Adult,Total,MLT,Malta,2015,316,444220,555,124.94,0.668
Adult,Total,MLT,Malta,2016,316,454505,537,118.15,0.664
Adult,Total,MLT,Malta,2017,316,467106,573,122.67,0.682
Adult,Total,MLT,Malta,2018,316,483903,614,126.88,0.686
Adult,Total,MLT,Malta,2019,316,503912,735,145.86,0.6895
Adult,Total,MLT,Malta,2020,316,515490,828,160.62,0.693
Adult,Total,MLT,Malta,2021,316,518150,609,117.53,0.703
Adult,Total,MLT,Malta,2022,316,531113,557,104.87,0.703
Adult,Total,MLT,Malta,2023,316,552747,669,121.03,0.713
Adult,Total,NLD,Netherlands,2014,41865,16865008,11473,68.03,0.773
Adult,Total,NLD,Netherlands,2015,41865,16939923,10439,61.62,0.776
Adult,Total,NLD,Netherlands,2016,41865,17030314,10180,59.78,0.756
Adult,Total,NLD,Netherlands,2017,41865,17131296,10454,61.02,0.737
Adult,Total,NLD,Netherlands,2018,41865,17231624,10846,62.94,0.747
Adult,Total,NLD,Netherlands,2019,41865,17344874,11348,65.43,0.7244999999999999
Adult,Total,NLD,Netherlands,2020,41865,17441500,10574,60.63,0.702
Adult,Total,NLD,Netherlands,2021,41865,17533044,10837,61.81,0.762
Adult,Total,NLD,Netherlands,2022,41865,17700982,10755,60.76,0.767
Adult,Total,NLD,Netherlands,2023,41865,17877117,11224,62.78,0.777
Adult,Total,POL,Poland,2014,312696,38011735,75342,198.21,0.7051
Adult,Total,POL,Poland,2015,312696,37986412,69298,182.43,0.715
Adult,Total,POL,Poland,2016,312696,37970087,70041,184.46,0.727
Adult,Total,POL,Poland,2017,312696,37974826,72353,190.53,0.728
Adult,Total,POL,Poland,2018,312696,37974750,70965,186.87,0.728
Adult,Total,POL,Poland,2019,312696,37965475,72882,191.97,0.732
Adult,Total,POL,Poland,2020,312696,37515748,66922,178.38,0.736
Adult,Total,POL,Poland,2021,312696,36981559,70853,191.59,0.713
Adult,Total,POL,Poland,2022,312696,36821749,70277,190.86,0.709
Adult,Total,POL,Poland,2023,312696,36687353,72791,198.41,0.722
Adult,Total,PRT,Portugal,2014,92212,10401062,13760,132.29,0.7243
Adult,Total,PRT,Portugal,2015,92212,10358076,14007,135.23,0.731
Adult,Total,PRT,Portugal,2016,92212,10325452,13588,131.6,0.737
Adult,Total,PRT,Portugal,2017,92212,10300300,13251,128.65,0.734
Adult,Total,PRT,Portugal,2018,92212,10283822,12691,123.41,0.732
Adult,Total,PRT,Portugal,2019,92212,10286263,12641,122.89,0.738
Adult,Total,PRT,Portugal,2020,92212,10297081,11253,109.28,0.744
Adult,Total,PRT,Portugal,2021,92212,10361831,11439,110.4,0.775
Adult,Total,PRT,Portugal,2022,92212,10434332,12213,117.05,0.766
Adult,Total,PRT,Portugal,2023,92212,10578174,11995,113.39,0.765
Adult,Total,ROU,Romania,2014,238397,19908979,29840,149.88,0.6936
Adult,Total,ROU,Romania,2015,238397,19815616,28018,141.39,0.693
Adult,Total,ROU,Romania,2016,238397,19702267,27048,137.28,0.69
Adult,Total,ROU,Romania,2017,238397,19588715,23055,117.7,0.708
Adult,Total,ROU,Romania,2018,238397,19473970,20516,105.35,0.711
Adult,Total,ROU,Romania,2019,238397,19371648,20277,104.67,0.7175
Adult,Total,ROU,Romania,2020,238397,19265250,21504,111.62,0.724
Adult,Total,ROU,Romania,2021,238397,19122059,22765,119.05,0.7
Adult,Total,ROU,Romania,2022,238397,19048502,22833,119.87,0.698
Adult,Total,ROU,Romania,2023,238397,19061062,23431,122.93,0.697
Adult,Total,SWE,Sweden,2014,450295,9696110,5795,59.77,0.8165
Adult,Total,SWE,Sweden,2015,450295,9799186,5673,57.89,0.823
Adult,Total,SWE,Sweden,2016,450295,9923085,5645,56.89,0.815
Adult,Total,SWE,Sweden,2017,450295,10057698,5689,56.56,0.816
Adult,Total,SWE,Sweden,2018,450295,10175214,6090,59.85,0.822
Adult,Total,SWE,Sweden,2019,450295,10278887,6695,65.13,0.821
Adult,Total,SWE,Sweden,2020,450295,10353442,7274,70.26,0.82
Adult,Total,SWE,Sweden,2021,450295,10415811,7747,74.38,0.823
Adult,Total,SWE,Sweden,2022,450295,10486941,8370,79.81,0.822
Adult,Total,SWE,Sweden,2023,450295,10536632,9660,91.68,0.815
Adult,Total,SVN,Slovenia,2014,20271,2061980,1517,73.57,0.7443
Adult,Total,SVN,Slovenia,2015,20271,2063531,1396,67.65,0.784
Adult,Total,SVN,Slovenia,2016,20271,2065042,1299,62.9,0.786
Adult,Total,SVN,Slovenia,2018,20271,2073894,1317,63.5,0.784
Adult,Total,SVN,Slovenia,2019,20271,2088385,1369,65.55,0.7635000000000001
Adult,Total,SVN,Slovenia,2020,20271,2102419,1426,67.83,0.743
Adult,Total,SVN,Slovenia,2021,20271,2108079,1122,53.22,0.741
Adult,Total,SVN,Slovenia,2022,20271,2112076,1367,64.72,0.744
Adult,Total,SVN,Slovenia,2023,20271,2120461,1423,67.11,0.773
Adult,Total,SVK,Slovakia,2014,49035,5418649,9927,183.2,0.6806
Adult,Total,SVK,Slovakia,2015,49035,5423801,9824,181.13,0.675
Adult,Total,SVK,Slovakia,2016,49035,5430798,9919,182.64,0.679
Adult,Total,SVK,Slovakia,2017,49035,5439232,9956,183.04,0.694
Adult,Total,SVK,Slovakia,2018,49035,5446771,10211,187.47,0.693
Adult,Total,SVK,Slovakia,2019,49035,5454147,10481,192.17,0.7055
Adult,Total,SVK,Slovakia,2020,49035,5458827,10447,191.38,0.718
Adult,Total,SVK,Slovakia,2021,49035,5447247,10051,184.52,0.712
Adult,Total,SVK,Slovakia,2022,49035,5431752,9787,180.18,0.717
Adult,Total,SVK,Slovakia,2023,49035,5426740,9686,178.49,0.72
Juvenile,Total,AUT,Austria,2014,83879,8546356,80,0.94,0.7266
Juvenile,Total,AUT,Austria,2015,83879,8642699,110,1.27,0.733
Juvenile,Total,AUT,Austria,2016,83879,8736668,116,1.33,0.716
Juvenile,Total,AUT,Austria,2017,83879,8797566,142,1.61,0.709
Juvenile,Total,AUT,Austria,2018,83879,8840521,129,1.46,0.718
Juvenile,Total,AUT,Austria,2019,83879,8879920,147,1.66,0.731
Juvenile,Total,AUT,Austria,2020,83879,8916864,91,1.02,0.744
Juvenile,Total,AUT,Austria,2021,83879,8955797,96,1.07,0.777
Juvenile,Total,AUT,Austria,2022,83879,9041851,89,0.98,0.781
Juvenile,Total,AUT,Austria,2023,83879,9131761,119,1.3,0.74
Juvenile,Total,BEL,Belgium,2015,30689,11274196,14,0.12,0.753
Juvenile,Total,BEL,Belgium,2017,30689,11375158,0,0.0,0.739
Juvenile,Total,BEL,Belgium,2018,30689,11427054,0,0.0,0.738
Juvenile,Total,BEL,Belgium,2019,30689,11488980,0,0.0,0.7444999999999999
Juvenile,Total,BEL,Belgium,2020,30689,11538604,0,0.0,0.751
Juvenile,Total,BEL,Belgium,2021,30689,11586195,0,0.0,0.789
Juvenile,Total,BEL,Belgium,2022,30689,11680210,0,0.0,0.793
Juvenile,Total,BEL,Belgium,2023,30689,11779946,0,0.0,0.796
Juvenile,Total,BGR,Bulgaria,2014,110994,7073572,63,0.89,0.7444
Juvenile,Total,BGR,Bulgaria,2015,110994,6984225,46,0.66,0.722
Juvenile,Total,BGR,Bulgaria,2016,110994,6894139,27,0.39,0.726
Juvenile,Total,BGR,Bulgaria,2017,110994,6803468,30,0.44,0.756
Juvenile,Total,BGR,Bulgaria,2018,110994,6710798,27,0.4,0.756
Juvenile,Total,BGR,Bulgaria,2019,110994,6616726,20,0.3,0.7415
Juvenile,Total,BGR,Bulgaria,2020,110994,6550696,30,0.46,0.727
Juvenile,Total,BGR,Bulgaria,2021,110994,6507301,15,0.23,0.746
Juvenile,Total,BGR,Bulgaria,2022,110994,6465097,10,0.15,0.74
Juvenile,Total,BGR,Bulgaria,2023,110994,6446596,8,0.12,0.715
Juvenile,Total,CYP,Cyprus,2014,9251,1201801,23,1.91,0.6741
Juvenile,Total,CYP,Cyprus,2015,9251,1219502,24,1.97,0.671
Juvenile,Total,CYP,Cyprus,2016,9251,1237112,15,1.21,0.684
Juvenile,Total,CYP,Cyprus,2017,9251,1254275,21,1.67,0.684
Juvenile,Total,CYP,Cyprus,2018,9251,1270737,16,1.26,0.684
Juvenile,Total,CYP,Cyprus,2019,9251,1286671,25,1.94,0.688
Juvenile,Total,CYP,Cyprus,2020,9251,1302247,14,1.08,0.692
Juvenile,Total,CYP,Cyprus,2021,9251,1317309,30,2.28,0.707
Juvenile,Total,CYP,Cyprus,2022,9251,1331370,26,1.95,0.696
Juvenile,Total,CYP,Cyprus,2023,9251,1344976,26,1.93,0.678
Juvenile,Total,CZE,Czechia,2014,78871,10525347,107,1.02,0.6737
Juvenile,Total,CZE,Czechia,2015,78871,10546059,98,0.93,0.687
Juvenile,Total,CZE,Czechia,2016,78871,10566332,85,0.8,0.69
Juvenile,Total,CZE,Czechia,2017,78871,10594438,74,0.7,0.688
Juvenile,Total,CZE,Czechia,2018,78871,10629928,63,0.59,0.693
Juvenile,Total,CZE,Czechia,2019,78871,10671870,61,0.57,0.6995
Juvenile,Total,CZE,Czechia,2020,78871,10697858,85,0.79,0.706
Juvenile,Total,CZE,Czechia,2021,78871,10505772,66,0.63,0.711
Juvenile,Total,CZE,Czechia,2022,78871,10672118,53,0.5,0.71
Juvenile,Total,CZE,Czechia,2023,78871,10864042,90,0.83,0.685
Juvenile,Total,DNK,Denmark,2014,42952,5643475,9,0.16,0.8025
Juvenile,Total,DNK,Denmark,2015,42952,5683483,6,0.11,0.767
Juvenile,Total,DNK,Denmark,2016,42952,5728010,16,0.28,0.754
Juvenile,Total,DNK,Denmark,2017,42952,5764980,9,0.16,0.776
Juvenile,Total,DNK,Denmark,2018,42952,5793636,12,0.21,0.778
Juvenile,Total,DNK,Denmark,2019,42952,5814422,9,0.15,0.78
Juvenile,Total,DNK,Denmark,2020,42952,5831404,6,0.1,0.782
Juvenile,Total,DNK,Denmark,2021,42952,5856733,9,0.15,0.768
Juvenile,Total,DNK,Denmark,2022,42952,5903037,10,0.17,0.764
Juvenile,Total,DNK,Denmark,2023,42952,5946952,10,0.17,0.78
Juvenile,Total,EST,Estonia,2014,45339,1314545,33,2.51,0.7017
Juvenile,Total,EST,Estonia,2015,45339,1315407,24,1.82,0.749
Juvenile,Total,EST,Estonia,2016,45339,1315790,29,2.2,0.747
Juvenile,Total,EST,Estonia,2017,45339,1317384,20,1.52,0.731
Juvenile,Total,EST,Estonia,2018,45339,1321977,14,1.06,0.734
Juvenile,Total,EST,Estonia,2019,45339,1326898,15,1.13,0.7424999999999999
Juvenile,Total,EST,Estonia,2020,45339,1329522,5,0.38,0.751
Juvenile,Total,EST,Estonia,2021,45339,1330932,5,0.38,0.733
Juvenile,Total,EST,Estonia,2022,45339,1348840,3,0.22,0.733
Juvenile,Total,EST,Estonia,2023,45339,1370286,1,0.07,0.782
Juvenile,Total,GRC,Greece,2014,131957,10892413,31,0.28,0.6784
Juvenile,Total,GRC,Greece,2015,131957,10820883,13,0.12,0.685
Juvenile,Total,GRC,Greece,2016,131957,10775971,22,0.2,0.68
Juvenile,Total,GRC,Greece,2017,131957,10754679,13,0.12,0.692
Juvenile,Total,GRC,Greece,2018,131957,10732882,24,0.22,0.696
Juvenile,Total,GRC,Greece,2019,131957,10721582,30,0.28,0.6984999999999999
Juvenile,Total,GRC,Greece,2020,131957,10698599,33,0.31,0.701
Juvenile,Total,GRC,Greece,2021,131957,10569207,32,0.3,0.689
Juvenile,Total,GRC,Greece,2022,131957,10436882,36,0.34,0.689
Juvenile,Total,GRC,Greece,2023,131957,10407351,30,0.29,0.693
Juvenile,Total,ESP,Spain,2014,505990,46460733,736,1.58,0.7325
Juvenile,Total,ESP,Spain,2015,505990,46422303,669,1.44,0.742
Juvenile,Total,ESP,Spain,2016,505990,46458139,650,1.4,0.738
Juvenile,Total,ESP,Spain,2017,505990,46571232,630,1.35,0.746
Juvenile,Total,ESP,Spain,2018,505990,46782011,709,1.52,0.746
Juvenile,Total,ESP,Spain,2019,505990,47118501,816,1.73,0.7705
Juvenile,Total,ESP,Spain,2020,505990,47359424,515,1.09,0.795
Juvenile,Total,ESP,Spain,2021,505990,47443821,883,1.86,0.788
Juvenile,Total,ESP,Spain,2022,505990,47786102,913,1.91,0.788
Juvenile,Total,ESP,Spain,2023,505990,48352528,854,1.77,0.791
Juvenile,Total,FIN,Finland,2014,338455,5461512,101,1.85,0.8453
Juvenile,Total,FIN,Finland,2015,338455,5479531,89,1.62,0.85
Juvenile,Total,FIN,Finland,2016,338455,5495303,93,1.69,0.845
Juvenile,Total,FIN,Finland,2017,338455,5508214,98,1.78,0.823
Juvenile,Total,FIN,Finland,2018,338455,5515525,91,1.65,0.821
Juvenile,Total,FIN,Finland,2019,338455,5521606,73,1.32,0.8265
Juvenile,Total,FIN,Finland,2020,338455,5529543,85,1.54,0.832
Juvenile,Total,FIN,Finland,2021,338455,5541017,82,1.48,0.861
Juvenile,Total,FIN,Finland,2022,338455,5556106,5,0.09,0.86
Juvenile,Total,FIN,Finland,2023,338455,5583911,15,0.27,0.863
Juvenile,Total,FRA,France,2014,643801,66312067,704,1.06,0.7588
Juvenile,Total,FRA,France,2015,643801,66548272,708,1.06,0.761
Juvenile,Total,FRA,France,2016,643801,66724104,758,1.14,0.755
Juvenile,Total,FRA,France,2017,643801,66918020,772,1.15,0.778
Juvenile,Total,FRA,France,2018,643801,67158348,769,1.15,0.779
Juvenile,Total,FRA,France,2019,643801,67382061,825,1.22,0.78
Juvenile,Total,FRA,France,2020,643801,67601110,760,1.12,0.781
Juvenile,Total,FRA,France,2021,643801,67842811,619,0.91,0.784
Juvenile,Total,FRA,France,2022,643801,68184457,614,0.9,0.791
Juvenile,Total,FRA,France,2023,643801,68372286,732,1.07,0.756
Juvenile,Total,HRV,Croatia,2014,56594,4201598,70,1.67,0.7075
Juvenile,Total,HRV,Croatia,2015,56594,4151725,51,1.23,0.708
Juvenile,Total,HRV,Croatia,2016,56594,4106867,45,1.1,0.7
Juvenile,Total,HRV,Croatia,2017,56594,4041407,53,1.31,0.711
Juvenile,Total,HRV,Croatia,2018,56594,3988775,44,1.1,0.712
Juvenile,Total,HRV,Croatia,2019,56594,3949390,55,1.39,0.716
Juvenile,Total,HRV,Croatia,2020,56594,3914206,51,1.3,0.72
Juvenile,Total,HRV,Croatia,2021,56594,3878981,40,1.03,0.733
Juvenile,Total,HRV,Croatia,2022,56594,3855641,45,1.17,0.733
Juvenile,Total,HRV,Croatia,2023,56594,3859686,48,1.24,0.73
Juvenile,Total,HUN,Hungary,2014,93030,9833038,424,4.31,0.6759
Juvenile,Total,HUN,Hungary,2015,93030,9797755,352,3.59,0.672
Juvenile,Total,HUN,Hungary,2016,93030,9759755,307,3.15,0.669
Juvenile,Total,HUN,Hungary,2017,93030,9726756,237,2.44,0.67
Juvenile,Total,HUN,Hungary,2018,93030,9706964,201,2.07,0.674
Juvenile,Total,HUN,Hungary,2019,93030,9694824,176,1.82,0.6755
Juvenile,Total,HUN,Hungary,2020,93030,9670419,138,1.43,0.677
Juvenile,Total,HUN,Hungary,2021,93030,9630932,160,1.66,0.688
Juvenile,Total,HUN,Hungary,2022,93030,9605074,150,1.56,0.699
Juvenile,Total,HUN,Hungary,2023,93030,9592186,146,1.52,0.689
Juvenile,Total,IRL,Ireland,2014,70273,4657740,12,0.26,0.785
Juvenile,Total,IRL,Ireland,2015,70273,4701957,60,1.28,0.807
Juvenile,Total,IRL,Ireland,2016,70273,4762722,14,0.29,0.797
Juvenile,Total,IRL,Ireland,2018,70273,4898022,132,2.69,0.796
Juvenile,Total,IRL,Ireland,2019,70273,4976456,75,1.51,0.797
Juvenile,Total,IRL,Ireland,2020,70273,5039747,122,2.42,0.798
Juvenile,Total,IRL,Ireland,2021,70273,5110585,102,2.0,0.8
Juvenile,Total,IRL,Ireland,2022,70273,5212836,110,2.11,0.804
Juvenile,Total,IRL,Ireland,2023,70273,5311538,129,2.43,0.795
Juvenile,Total,ITA,Italy,2014,302068,60320707,1122,1.86,0.6973
Juvenile,Total,ITA,Italy,2015,302068,60229605,1246,2.07,0.726
Juvenile,Total,ITA,Italy,2016,302068,60115223,1325,2.2,0.719
Juvenile,Total,ITA,Italy,2017,302068,60002252,1430,2.38,0.692
Juvenile,Total,ITA,Italy,2018,302068,60148658,1476,2.45,0.706
Juvenile,Total,ITA,Italy,2019,302068,59729081,1463,2.45,0.7064999999999999
Juvenile,Total,ITA,Italy,2020,302068,59438851,1241,2.09,0.707
Juvenile,Total,ITA,Italy,2021,302068,59133173,1215,2.05,0.721
Juvenile,Total,ITA,Italy,2022,302068,59013667,1259,2.13,0.72
Juvenile,Total,ITA,Italy,2023,302068,58984216,1402,2.38,0.705
Juvenile,Total,LTU,Lithuania,2014,65300,2937253,84,2.86,0.7208
Juvenile,Total,LTU,Lithuania,2015,65300,2911109,85,2.92,0.74
Juvenile,Total,LTU,Lithuania,2016,65300,2877325,58,2.02,0.744
Juvenile,Total,LTU,Lithuania,2017,65300,2842639,51,1.79,0.742
Juvenile,Total,LTU,Lithuania,2018,65300,2819200,52,1.84,0.749
Juvenile,Total,LTU,Lithuania,2019,65300,2811089,40,1.42,0.747
Juvenile,Total,LTU,Lithuania,2020,65300,2810369,22,0.78,0.745
Juvenile,Total,LTU,Lithuania,2021,65300,2808380,17,0.61,0.804
Juvenile,Total,LTU,Lithuania,2022,65300,2831639,12,0.42,0.799
Juvenile,Total,LTU,Lithuania,2023,65300,2871585,10,0.35,0.8
Juvenile,Total,LUX,Luxembourg,2014,2586,556319,4,0.72,0.7333
Juvenile,Total,LUX,Luxembourg,2015,2586,569604,2,0.35,0.738
Juvenile,Total,LUX,Luxembourg,2016,2586,582014,7,1.2,0.734
Juvenile,Total,LUX,Luxembourg,2017,2586,596336,2,0.34,0.707
Juvenile,Total,LUX,Luxembourg,2018,2586,607950,0,0.0,0.712
Juvenile,Total,LUX,Luxembourg,2019,2586,620001,0,0.0,0.7184999999999999
Juvenile,Total,LUX,Luxembourg,2020,2586,630419,0,0.0,0.725
Juvenile,Total,LUX,Luxembourg,2021,2586,640064,11,1.72,0.726
Juvenile,Total,LUX,Luxembourg,2022,2586,653103,8,1.22,0.736
Juvenile,Total,LUX,Luxembourg,2023,2586,666430,5,0.75,0.747
Juvenile,Total,LVA,Latvia,2014,64589,1993782,38,1.91,0.7691
Juvenile,Total,LVA,Latvia,2015,64589,1977527,42,2.12,0.752
Juvenile,Total,LVA,Latvia,2016,64589,1959537,43,2.19,0.775
Juvenile,Total,LVA,Latvia,2017,64589,1942248,41,2.11,0.756
Juvenile,Total,LVA,Latvia,2018,64589,1927174,35,1.82,0.758
Juvenile,Total,LVA,Latvia,2019,64589,1913822,36,1.88,0.7715000000000001
Juvenile,Total,LVA,Latvia,2020,64589,1900449,25,1.32,0.785
Juvenile,Total,LVA,Latvia,2021,64589,1884490,27,1.43,0.778
Juvenile,Total,LVA,Latvia,2022,64589,1879383,23,1.22,0.771
Juvenile,Total,LVA,Latvia,2023,64589,1883710,30,1.59,0.794
Juvenile,Total,MLT,Malta,2014,316,433481,14,3.23,0.6707
Juvenile,Total,MLT,Malta,2015,316,444220,14,3.15,0.668
Juvenile,Total,MLT,Malta,2016,316,454505,16,3.52,0.664
Juvenile,Total,MLT,Malta,2017,316,467106,18,3.85,0.682
Juvenile,Total,MLT,Malta,2018,316,483903,21,4.34,0.686
Juvenile,Total,MLT,Malta,2019,316,503912,19,3.77,0.6895
Juvenile,Total,MLT,Malta,2020,316,515490,36,6.98,0.693
Juvenile,Total,MLT,Malta,2021,316,518150,5,0.96,0.703
Juvenile,Total,MLT,Malta,2022,316,531113,2,0.38,0.703
Juvenile,Total,MLT,Malta,2023,316,552747,3,0.54,0.713
Juvenile,Total,NLD,Netherlands,2014,41865,16865008,461,2.73,0.773
Juvenile,Total,NLD,Netherlands,2015,41865,16939923,411,2.43,0.776
Juvenile,Total,NLD,Netherlands,2016,41865,17030314,421,2.47,0.756
Juvenile,Total,NLD,Netherlands,2017,41865,17131296,420,2.45,0.737
Juvenile,Total,NLD,Netherlands,2018,41865,17231624,405,2.35,0.747
Juvenile,Total,NLD,Netherlands,2019,41865,17344874,429,2.47,0.7244999999999999
Juvenile,Total,NLD,Netherlands,2020,41865,17441500,450,2.58,0.702
Juvenile,Total,NLD,Netherlands,2021,41865,17533044,472,2.69,0.762
Juvenile,Total,NLD,Netherlands,2022,41865,17700982,483,2.73,0.767
Juvenile,Total,NLD,Netherlands,2023,41865,17877117,457,2.56,0.777
Juvenile,Total,POL,Poland,2014,312696,38011735,4003,10.53,0.7051
Juvenile,Total,POL,Poland,2015,312696,37986412,3397,8.94,0.715
Juvenile,Total,POL,Poland,2016,312696,37970087,2168,5.71,0.727
Juvenile,Total,POL,Poland,2017,312696,37974826,2127,5.6,0.728
Juvenile,Total,POL,Poland,2018,312696,37974750,1853,4.88,0.728
Juvenile,Total,POL,Poland,2019,312696,37965475,1730,4.56,0.732
Juvenile,Total,POL,Poland,2020,312696,37515748,1432,3.82,0.736
Juvenile,Total,POL,Poland,2021,312696,36981559,1416,3.83,0.713
Juvenile,Total,POL,Poland,2022,312696,36821749,1446,3.93,0.709
Juvenile,Total,POL,Poland,2023,312696,36687353,1714,4.67,0.722
Juvenile,Total,PRT,Portugal,2014,92212,10401062,438,4.21,0.7243
Juvenile,Total,PRT,Portugal,2015,92212,10358076,366,3.53,0.731
Juvenile,Total,PRT,Portugal,2016,92212,10325452,329,3.19,0.737
Juvenile,Total,PRT,Portugal,2017,92212,10300300,336,3.26,0.734
Juvenile,Total,PRT,Portugal,2018,92212,10283822,330,3.21,0.732
Juvenile,Total,PRT,Portugal,2019,92212,10286263,306,2.97,0.738
Juvenile,Total,PRT,Portugal,2020,92212,10297081,249,2.42,0.744
Juvenile,Total,PRT,Portugal,2021,92212,10361831,265,2.56,0.775
Juvenile,Total,PRT,Portugal,2022,92212,10434332,289,2.77,0.766
Juvenile,Total,PRT,Portugal,2023,92212,10578174,326,3.08,0.765
Juvenile,Total,ROU,Romania,2014,238397,19908979,316,1.59,0.6936
Juvenile,Total,ROU,Romania,2015,238397,19815616,316,1.59,0.693
Juvenile,Total,ROU,Romania,2016,238397,19702267,407,2.07,0.69
Juvenile,Total,ROU,Romania,2017,238397,19588715,395,2.02,0.708
Juvenile,Total,ROU,Romania,2018,238397,19473970,276,1.42,0.711
Juvenile,Total,ROU,Romania,2019,238397,19371648,301,1.55,0.7175
Juvenile,Total,ROU,Romania,2020,238397,19265250,249,1.29,0.724
Juvenile,Total,ROU,Romania,2021,238397,19122059,224,1.17,0.7
Juvenile,Total,ROU,Romania,2022,238397,19048502,249,1.31,0.698
Juvenile,Total,ROU,Romania,2023,238397,19061062,219,1.15,0.697
Juvenile,Total,SWE,Sweden,2014,450295,9696110,12,0.12,0.8165
Juvenile,Total,SWE,Sweden,2015,450295,9799186,18,0.18,0.823
Juvenile,Total,SWE,Sweden,2016,450295,9923085,13,0.13,0.815
Juvenile,Total,SWE,Sweden,2017,450295,10057698,24,0.24,0.816
Juvenile,Total,SWE,Sweden,2018,450295,10175214,24,0.24,0.822
Juvenile,Total,SWE,Sweden,2019,450295,10278887,24,0.23,0.821
Juvenile,Total,SWE,Sweden,2020,450295,10353442,23,0.22,0.82
Juvenile,Total,SWE,Sweden,2021,450295,10415811,29,0.28,0.823
Juvenile,Total,SWE,Sweden,2022,450295,10486941,44,0.42,0.822
Juvenile,Total,SWE,Sweden,2023,450295,10536632,88,0.84,0.815
Juvenile,Total,SVN,Slovenia,2014,20271,2061980,5,0.24,0.7443
Juvenile,Total,SVN,Slovenia,2015,20271,2063531,3,0.15,0.784
Juvenile,Total,SVN,Slovenia,2016,20271,2065042,9,0.44,0.786
Juvenile,Total,SVN,Slovenia,2018,20271,2073894,29,1.4,0.784
Juvenile,Total,SVN,Slovenia,2019,20271,2088385,27,1.29,0.7635000000000001
Juvenile,Total,SVN,Slovenia,2020,20271,2102419,23,1.09,0.743
Juvenile,Total,SVN,Slovenia,2021,20271,2108079,14,0.66,0.741
Juvenile,Total,SVN,Slovenia,2022,20271,2112076,13,0.62,0.744
Juvenile,Total,SVN,Slovenia,2023,20271,2120461,15,0.71,0.773
Juvenile,Total,SVK,Slovakia,2014,49035,5418649,93,1.72,0.6806
Juvenile,Total,SVK,Slovakia,2015,49035,5423801,89,1.64,0.675
Juvenile,Total,SVK,Slovakia,2016,49035,5430798,76,1.4,0.679
Juvenile,Total,SVK,Slovakia,2017,49035,5439232,72,1.32,0.694
Juvenile,Total,SVK,Slovakia,2018,49035,5446771,83,1.52,0.693
Juvenile,Total,SVK,Slovakia,2019,49035,5454147,74,1.36,0.7055
Juvenile,Total,SVK,Slovakia,2020,49035,5458827,72,1.32,0.718
Juvenile,Total,SVK,Slovakia,2021,49035,5447247,53,0.97,0.712
Juvenile,Total,SVK,Slovakia,2022,49035,5431752,52,0.96,0.717
Juvenile,Total,SVK,Slovakia,2023,49035,5426740,38,0.7,0.72
Total,Females,AUT,Austria,2014,83879,8546356,507,5.93,0.7266
Total,Females,AUT,Austria,2015,83879,8642699,498,5.76,0.733
Total,Females,AUT,Austria,2016,83879,8736668,492,5.63,0.716
Total,Females,AUT,Austria,2017,83879,8797566,518,5.89,0.709
Total,Females,AUT,Austria,2018,83879,8840521,563,6.37,0.718
Total,Females,AUT,Austria,2019,83879,8879920,606,6.82,0.731
Total,Females,AUT,Austria,2020,83879,8916864,554,6.21,0.744
Total,Females,AUT,Austria,2021,83879,8955797,527,5.88,0.777
Total,Females,AUT,Austria,2022,83879,9041851,599,6.62,0.781
Total,Females,AUT,Austria,2023,83879,9131761,614,6.72,0.74
Total,Females,BEL,Belgium,2015,30689,11274196,529,4.69,0.753
Total,Females,BEL,Belgium,2017,30689,11375158,440,3.87,0.739
Total,Females,BEL,Belgium,2018,30689,11427054,461,4.03,0.738
Total,Females,BEL,Belgium,2019,30689,11488980,479,4.17,0.7444999999999999
Total,Females,BEL,Belgium,2020,30689,11538604,490,4.25,0.751
Total,Females,BEL,Belgium,2021,30689,11586195,507,4.38,0.789
Total,Females,BEL,Belgium,2022,30689,11680210,503,4.31,0.793
Total,Females,BEL,Belgium,2023,30689,11779946,510,4.33,0.796
Total,Females,BGR,Bulgaria,2014,110994,7073572,259,3.66,0.7444
Total,Females,BGR,Bulgaria,2015,110994,6984225,246,3.52,0.722
Total,Females,BGR,Bulgaria,2016,110994,6894139,228,3.31,0.726
Total,Females,BGR,Bulgaria,2017,110994,6803468,219,3.22,0.756
Total,Females,BGR,Bulgaria,2018,110994,6710798,215,3.2,0.756
Total,Females,BGR,Bulgaria,2019,110994,6616726,216,3.26,0.7415
Total,Females,BGR,Bulgaria,2020,110994,6550696,192,2.93,0.727
Total,Females,BGR,Bulgaria,2021,110994,6507301,210,3.23,0.746
Total,Females,BGR,Bulgaria,2022,110994,6465097,208,3.22,0.74
Total,Females,BGR,Bulgaria,2023,110994,6446596,228,3.54,0.715
Total,Females,CYP,Cyprus,2014,9251,1201801,30,2.5,0.6741
Total,Females,CYP,Cyprus,2015,9251,1219502,32,2.62,0.671
Total,Females,CYP,Cyprus,2016,9251,1237112,41,3.31,0.684
Total,Females,CYP,Cyprus,2017,9251,1254275,34,2.71,0.684
Total,Females,CYP,Cyprus,2018,9251,1270737,36,2.83,0.684
Total,Females,CYP,Cyprus,2019,9251,1286671,34,2.64,0.688
Total,Females,CYP,Cyprus,2020,9251,1302247,30,2.3,0.692
Total,Females,CYP,Cyprus,2021,9251,1317309,77,5.85,0.707
Total,Females,CYP,Cyprus,2022,9251,1331370,61,4.58,0.696
Total,Females,CYP,Cyprus,2023,9251,1344976,58,4.31,0.678
Total,Females,CZE,Czechia,2014,78871,10525347,1170,11.12,0.6737
Total,Females,CZE,Czechia,2015,78871,10546059,1433,13.59,0.687
Total,Females,CZE,Czechia,2016,78871,10566332,1643,15.55,0.69
Total,Females,CZE,Czechia,2017,78871,10594438,1638,15.46,0.688
Total,Females,CZE,Czechia,2018,78871,10629928,1644,15.47,0.693
Total,Females,CZE,Czechia,2019,78871,10671870,1740,16.3,0.6995
Total,Females,CZE,Czechia,2020,78871,10697858,1564,14.62,0.706
Total,Females,CZE,Czechia,2021,78871,10505772,1519,14.46,0.711
Total,Females,CZE,Czechia,2022,78871,10672118,1613,15.11,0.71
Total,Females,CZE,Czechia,2023,78871,10864042,1715,15.79,0.685
Total,Females,DEU,Germany,2014,357596,80982500,3639,4.49,0.778
Total,Females,DEU,Germany,2015,357596,81686611,3609,4.42,0.779
Total,Females,DNK,Denmark,2014,42952,5643475,145,2.57,0.8025
Total,Females,DNK,Denmark,2015,42952,5683483,118,2.08,0.767
Total,Females,DNK,Denmark,2016,42952,5728010,150,2.62,0.754
Total,Females,DNK,Denmark,2017,42952,5764980,136,2.36,0.776
Total,Females,DNK,Denmark,2018,42952,5793636,132,2.28,0.778
Total,Females,DNK,Denmark,2019,42952,5814422,182,3.13,0.78
Total,Females,DNK,Denmark,2020,42952,5831404,189,3.24,0.782
Total,Females,DNK,Denmark,2021,42952,5856733,186,3.18,0.768
Total,Females,DNK,Denmark,2022,42952,5903037,203,3.44,0.764
Total,Females,DNK,Denmark,2023,42952,5946952,211,3.55,0.78
Total,Females,EST,Estonia,2015,45339,1315407,155,11.78,0.749
Total,Females,EST,Estonia,2016,45339,1315790,178,13.53,0.747
Total,Females,EST,Estonia,2017,45339,1317384,141,10.7,0.731
Total,Females,EST,Estonia,2018,45339,1321977,123,9.3,0.734
Total,Females,EST,Estonia,2019,45339,1326898,112,8.44,0.7424999999999999
Total,Females,EST,Estonia,2020,45339,1329522,97,7.3,0.751
Total,Females,EST,Estonia,2021,45339,1330932,101,7.59,0.733
Total,Females,EST,Estonia,2022,45339,1348840,102,7.56,0.733
Total,Females,EST,Estonia,2023,45339,1370286,88,6.42,0.782
Total,Females,GRC,Greece,2014,131957,10892413,572,5.25,0.6784
Total,Females,GRC,Greece,2015,131957,10820883,486,4.49,0.685
Total,Females,GRC,Greece,2016,131957,10775971,515,4.78,0.68
Total,Females,GRC,Greece,2017,131957,10754679,551,5.12,0.692
Total,Females,GRC,Greece,2018,131957,10732882,553,5.15,0.696
Total,Females,GRC,Greece,2019,131957,10721582,490,4.57,0.6984999999999999
Total,Females,GRC,Greece,2020,131957,10698599,527,4.93,0.701
Total,Females,GRC,Greece,2021,131957,10569207,537,5.08,0.689
Total,Females,GRC,Greece,2022,131957,10436882,533,5.11,0.689
Total,Females,GRC,Greece,2023,131957,10407351,497,4.78,0.693
Total,Females,ESP,Spain,2014,505990,46460733,4911,10.57,0.7325
Total,Females,ESP,Spain,2015,505990,46422303,4658,10.03,0.742
Total,Females,ESP,Spain,2016,505990,46458139,4390,9.45,0.738
Total,Females,ESP,Spain,2017,505990,46571232,4362,9.37,0.746
Total,Females,ESP,Spain,2018,505990,46782011,4434,9.48,0.746
Total,Females,ESP,Spain,2019,505990,47118501,4373,9.28,0.7705
Total,Females,ESP,Spain,2020,505990,47359424,4015,8.48,0.795
Total,Females,ESP,Spain,2021,505990,47443821,3925,8.27,0.788
Total,Females,ESP,Spain,2022,505990,47786102,3971,8.31,0.788
Total,Females,ESP,Spain,2023,505990,48352528,4000,8.27,0.791
Total,Females,FIN,Finland,2014,338455,5461512,240,4.39,0.8453
Total,Females,FIN,Finland,2015,338455,5479531,237,4.33,0.85
Total,Females,FIN,Finland,2016,338455,5495303,226,4.11,0.845
Total,Females,FIN,Finland,2017,338455,5508214,234,4.25,0.823
Total,Females,FIN,Finland,2018,338455,5515525,227,4.12,0.821
Total,Females,FIN,Finland,2019,338455,5521606,224,4.06,0.8265
Total,Females,FIN,Finland,2020,338455,5529543,231,4.18,0.832
Total,Females,FIN,Finland,2021,338455,5541017,211,3.81,0.861
Total,Females,FIN,Finland,2022,338455,5556106,208,3.74,0.86
Total,Females,FIN,Finland,2023,338455,5583911,225,4.03,0.863
Total,Females,FRA,France,2014,643801,66312067,2108,3.18,0.7588
Total,Females,FRA,France,2015,643801,66548272,2147,3.23,0.761
Total,Females,FRA,France,2016,643801,66724104,2265,3.39,0.755
Total,Females,FRA,France,2017,643801,66918020,2393,3.58,0.778
Total,Females,FRA,France,2018,643801,67158348,2534,3.77,0.779
Total,Females,FRA,France,2019,643801,67382061,2511,3.73,0.78
Total,Females,FRA,France,2020,643801,67601110,2055,3.04,0.781
Total,Females,FRA,France,2021,643801,67842811,2219,3.27,0.784
Total,Females,FRA,France,2022,643801,68184457,2286,3.35,0.791
Total,Females,FRA,France,2023,643801,68372286,2537,3.71,0.756
Total,Females,HRV,Croatia,2014,56594,4201598,190,4.52,0.7075
Total,Females,HRV,Croatia,2015,56594,4151725,164,3.95,0.708
Total,Females,HRV,Croatia,2016,56594,4106867,123,2.99,0.7
Total,Females,HRV,Croatia,2017,56594,4041407,147,3.64,0.711
Total,Females,HRV,Croatia,2018,56594,3988775,170,4.26,0.712
Total,Females,HRV,Croatia,2019,56594,3949390,194,4.91,0.716
Total,Females,HRV,Croatia,2020,56594,3914206,188,4.8,0.72
Total,Females,HRV,Croatia,2021,56594,3878981,207,5.34,0.733
Total,Females,HRV,Croatia,2022,56594,3855641,219,5.68,0.733
Total,Females,HRV,Croatia,2023,56594,3859686,226,5.86,0.73
Total,Females,HUN,Hungary,2014,93030,9833038,1349,13.72,0.6759
Total,Females,HUN,Hungary,2015,93030,9797755,1250,12.76,0.672
Total,Females,HUN,Hungary,2016,93030,9759755,1280,13.12,0.669
Total,Females,HUN,Hungary,2017,93030,9726756,1276,13.12,0.67
Total,Females,HUN,Hungary,2018,93030,9706964,1207,12.43,0.674
Total,Females,HUN,Hungary,2019,93030,9694824,1255,12.95,0.6755
Total,Females,HUN,Hungary,2020,93030,9670419,1290,13.34,0.677
Total,Females,HUN,Hungary,2021,93030,9630932,1430,14.85,0.688
Total,Females,HUN,Hungary,2022,93030,9605074,1417,14.75,0.699
Total,Females,HUN,Hungary,2023,93030,9592186,1467,15.29,0.689
Total,Females,IRL,Ireland,2014,70273,4657740,120,2.58,0.785
Total,Females,IRL,Ireland,2015,70273,4701957,116,2.47,0.807
Total,Females,IRL,Ireland,2016,70273,4762722,95,1.99,0.797
Total,Females,IRL,Ireland,2018,70273,4898022,173,3.53,0.796
Total,Females,IRL,Ireland,2019,70273,4976456,184,3.7,0.797
Total,Females,IRL,Ireland,2020,70273,5039747,154,3.06,0.798
Total,Females,IRL,Ireland,2021,70273,5110585,149,2.92,0.8
Total,Females,IRL,Ireland,2022,70273,5212836,208,3.99,0.804
Total,Females,IRL,Ireland,2023,70273,5311538,233,4.39,0.795
Total,Females,ITA,Italy,2014,302068,60320707,2374,3.94,0.6973
Total,Females,ITA,Italy,2015,302068,60229605,2207,3.66,0.726
Total,Females,ITA,Italy,2016,302068,60115223,2379,3.96,0.719
Total,Females,ITA,Italy,2017,302068,60002252,2516,4.19,0.692
Total,Females,ITA,Italy,2018,302068,60148658,2699,4.49,0.706
Total,Females,ITA,Italy,2019,302068,59729081,2790,4.67,0.7064999999999999
Total,Females,ITA,Italy,2020,302068,59438851,2320,3.9,0.707
Total,Females,ITA,Italy,2021,302068,59133173,2294,3.88,0.721
Total,Females,ITA,Italy,2022,302068,59013667,2423,4.11,0.72
Total,Females,ITA,Italy,2023,302068,58984216,2604,4.41,0.705
Total,Females,LTU,Lithuania,2014,65300,2937253,380,12.94,0.7208
Total,Females,LTU,Lithuania,2015,65300,2911109,296,10.17,0.74
Total,Females,LTU,Lithuania,2016,65300,2877325,322,11.19,0.744
Total,Females,LTU,Lithuania,2017,65300,2842639,331,11.64,0.742
Total,Females,LTU,Lithuania,2018,65300,2819200,304,10.78,0.749
Total,Females,LTU,Lithuania,2019,65300,2811089,288,10.25,0.747
Total,Females,LTU,Lithuania,2020,65300,2810369,252,8.97,0.745
Total,Females,LTU,Lithuania,2021,65300,2808380,217,7.73,0.804
Total,Females,LTU,Lithuania,2022,65300,2831639,214,7.56,0.799
Total,Females,LTU,Lithuania,2023,65300,2871585,206,7.17,0.8
Total,Females,LUX,Luxembourg,2014,2586,556319,26,4.67,0.7333
Total,Females,LUX,Luxembourg,2015,2586,569604,40,7.02,0.738
Total,Females,LUX,Luxembourg,2016,2586,582014,36,6.19,0.734
Total,Females,LUX,Luxembourg,2017,2586,596336,37,6.2,0.707
Total,Females,LUX,Luxembourg,2018,2586,607950,33,5.43,0.712
Total,Females,LUX,Luxembourg,2019,2586,620001,32,5.16,0.7184999999999999
Total,Females,LUX,Luxembourg,2020,2586,630419,29,4.6,0.725
Total,Females,LUX,Luxembourg,2021,2586,640064,34,5.31,0.726
Total,Females,LUX,Luxembourg,2022,2586,653103,39,5.97,0.736
Total,Females,LUX,Luxembourg,2023,2586,666430,28,4.2,0.747
Total,Females,LVA,Latvia,2014,64589,1993782,345,17.3,0.7691
Total,Females,LVA,Latvia,2015,64589,1977527,358,18.1,0.752
Total,Females,LVA,Latvia,2016,64589,1959537,349,17.81,0.775
Total,Females,LVA,Latvia,2017,64589,1942248,291,14.98,0.756
Total,Females,LVA,Latvia,2018,64589,1927174,274,14.22,0.758
Total,Females,LVA,Latvia,2019,64589,1913822,294,15.36,0.7715000000000001
Total,Females,LVA,Latvia,2020,64589,1900449,255,13.42,0.785
Total,Females,LVA,Latvia,2021,64589,1884490,268,14.22,0.778
Total,Females,LVA,Latvia,2022,64589,1879383,248,13.2,0.771
Total,Females,LVA,Latvia,2023,64589,1883710,249,13.22,0.794
Total,Females,MLT,Malta,2014,316,433481,37,8.54,0.6707
Total,Females,MLT,Malta,2015,316,444220,41,9.23,0.668
Total,Females,MLT,Malta,2016,316,454505,37,8.14,0.664
Total,Females,MLT,Malta,2017,316,467106,56,11.99,0.682
Total,Females,MLT,Malta,2018,316,483903,72,14.88,0.686
Total,Females,MLT,Malta,2019,316,503912,63,12.5,0.6895
Total,Females,MLT,Malta,2020,316,515490,58,11.25,0.693
Total,Females,MLT,Malta,2021,316,518150,54,10.42,0.703
Total,Females,MLT,Malta,2022,316,531113,53,9.98,0.703
Total,Females,MLT,Malta,2023,316,552747,46,8.32,0.713
Total,Females,NLD,Netherlands,2014,41865,16865008,671,3.98,0.773
Total,Females,NLD,Netherlands,2015,41865,16939923,499,2.95,0.776
Total,Females,NLD,Netherlands,2016,41865,17030314,580,3.41,0.756
Total,Females,NLD,Netherlands,2017,41865,17131296,596,3.48,0.737
Total,Females,NLD,Netherlands,2018,41865,17231624,627,3.64,0.747
Total,Females,NLD,Netherlands,2019,41865,17344874,724,4.17,0.7244999999999999
Total,Females,NLD,Netherlands,2020,41865,17441500,514,2.95,0.702
Total,Females,NLD,Netherlands,2021,41865,17533044,574,3.27,0.762
Total,Females,NLD,Netherlands,2022,41865,17700982,519,2.93,0.767
Total,Females,NLD,Netherlands,2023,41865,17877117,558,3.12,0.777
Total,Females,POL,Poland,2014,312696,38011735,2771,7.29,0.7051
Total,Females,POL,Poland,2015,312696,37986412,2579,6.79,0.715
Total,Females,POL,Poland,2016,312696,37970087,2642,6.96,0.727
Total,Females,POL,Poland,2017,312696,37974826,2983,7.86,0.728
Total,Females,POL,Poland,2018,312696,37974750,3029,7.98,0.728
Total,Females,POL,Poland,2019,312696,37965475,3272,8.62,0.732
Total,Females,POL,Poland,2020,312696,37515748,3137,8.36,0.736
Total,Females,POL,Poland,2021,312696,36981559,3445,9.32,0.713
Total,Females,POL,Poland,2022,312696,36821749,3522,9.56,0.709
Total,Females,POL,Poland,2023,312696,36687353,3832,10.45,0.722
Total,Females,PRT,Portugal,2014,92212,10401062,835,8.03,0.7243
Total,Females,PRT,Portugal,2015,92212,10358076,855,8.25,0.731
Total,Females,PRT,Portugal,2016,92212,10325452,20,0.19,0.737
Total,Females,PRT,Portugal,2017,92212,10300300,23,0.22,0.734
Total,Females,PRT,Portugal,2018,92212,10283822,25,0.24,0.732
Total,Females,PRT,Portugal,2019,92212,10286263,876,8.52,0.738
Total,Females,PRT,Portugal,2020,92212,10297081,808,7.85,0.744
Total,Females,PRT,Portugal,2021,92212,10361831,827,7.98,0.775
Total,Females,PRT,Portugal,2022,92212,10434332,899,8.62,0.766
Total,Females,PRT,Portugal,2023,92212,10578174,921,8.71,0.765
Total,Females,ROU,Romania,2014,238397,19908979,1537,7.72,0.6936
Total,Females,ROU,Romania,2015,238397,19815616,1443,7.28,0.693
Total,Females,ROU,Romania,2016,238397,19702267,1411,7.16,0.69
Total,Females,ROU,Romania,2017,238397,19588715,1120,5.72,0.708
Total,Females,ROU,Romania,2018,238397,19473970,948,4.87,0.711
Total,Females,ROU,Romania,2019,238397,19371648,932,4.81,0.7175
Total,Females,ROU,Romania,2020,238397,19265250,1016,5.27,0.724
Total,Females,ROU,Romania,2021,238397,19122059,1019,5.33,0.7
Total,Females,ROU,Romania,2022,238397,19048502,1041,5.46,0.698
Total,Females,ROU,Romania,2023,238397,19061062,1049,5.5,0.697
Total,Females,SWE,Sweden,2014,450295,9696110,333,3.43,0.8165
Total,Females,SWE,Sweden,2015,450295,9799186,327,3.34,0.823
Total,Females,SWE,Sweden,2016,450295,9923085,346,3.49,0.815
Total,Females,SWE,Sweden,2017,450295,10057698,348,3.46,0.816
Total,Females,SWE,Sweden,2018,450295,10175214,345,3.39,0.822
Total,Females,SWE,Sweden,2019,450295,10278887,408,3.97,0.821
Total,Females,SWE,Sweden,2020,450295,10353442,438,4.23,0.82
Total,Females,SWE,Sweden,2021,450295,10415811,457,4.39,0.823
Total,Females,SWE,Sweden,2022,450295,10486941,530,5.05,0.822
Total,Females,SWE,Sweden,2023,450295,10536632,664,6.3,0.815
Total,Females,SVN,Slovenia,2014,20271,2061980,89,4.32,0.7443
Total,Females,SVN,Slovenia,2015,20271,2063531,81,3.93,0.784
Total,Females,SVN,Slovenia,2016,20271,2065042,104,5.04,0.786
Total,Females,SVN,Slovenia,2018,20271,2073894,81,3.91,0.784
Total,Females,SVN,Slovenia,2019,20271,2088385,76,3.64,0.7635000000000001
Total,Females,SVN,Slovenia,2020,20271,2102419,69,3.28,0.743
Total,Females,SVN,Slovenia,2021,20271,2108079,56,2.66,0.741
Total,Females,SVN,Slovenia,2022,20271,2112076,74,3.5,0.744
Total,Females,SVN,Slovenia,2023,20271,2120461,79,3.73,0.773
Total,Females,SVK,Slovakia,2014,49035,5418649,614,11.33,0.6806
Total,Females,SVK,Slovakia,2015,49035,5423801,631,11.63,0.675
Total,Females,SVK,Slovakia,2016,49035,5430798,673,12.39,0.679
Total,Females,SVK,Slovakia,2017,49035,5439232,716,13.16,0.694
Total,Females,SVK,Slovakia,2018,49035,5446771,772,14.17,0.693
Total,Females,SVK,Slovakia,2019,49035,5454147,785,14.39,0.7055
Total,Females,SVK,Slovakia,2020,49035,5458827,791,14.49,0.718
Total,Females,SVK,Slovakia,2021,49035,5447247,751,13.79,0.712
Total,Females,SVK,Slovakia,2022,49035,5431752,620,11.41,0.717
Total,Females,SVK,Slovakia,2023,49035,5426740,750,13.82,0.72
Total,Males,AUT,Austria,2014,83879,8546356,8185,95.77,0.7266
Total,Males,AUT,Austria,2015,83879,8642699,8057,93.22,0.733
Total,Males,AUT,Austria,2016,83879,8736668,8127,93.02,0.716
Total,Males,AUT,Austria,2017,83879,8797566,8334,94.73,0.709
Total,Males,AUT,Austria,2018,83879,8840521,8600,97.28,0.718
Total,Males,AUT,Austria,2019,83879,8879920,8466,95.34,0.731
Total,Males,AUT,Austria,2020,83879,8916864,7934,88.98,0.744
Total,Males,AUT,Austria,2021,83879,8955797,7909,88.31,0.777
Total,Males,AUT,Austria,2022,83879,9041851,8394,92.83,0.781
Total,Males,AUT,Austria,2023,83879,9131761,8475,92.81,0.74
Total,Males,BEL,Belgium,2015,30689,11274196,10355,91.85,0.753
Total,Males,BEL,Belgium,2017,30689,11375158,10031,88.18,0.739
Total,Males,BEL,Belgium,2018,30689,11427054,9800,85.76,0.738
Total,Males,BEL,Belgium,2019,30689,11488980,10315,89.78,0.7444999999999999
Total,Males,BEL,Belgium,2020,30689,11538604,9867,85.51,0.751
Total,Males,BEL,Belgium,2021,30689,11586195,10262,88.57,0.789
Total,Males,BEL,Belgium,2022,30689,11680210,10547,90.3,0.793
Total,Males,BEL,Belgium,2023,30689,11779946,11383,96.63,0.796
Total,Males,BGR,Bulgaria,2014,110994,7073572,7611,107.6,0.7444
Total,Males,BGR,Bulgaria,2015,110994,6984225,7162,102.55,0.722
Total,Males,BGR,Bulgaria,2016,110994,6894139,7117,103.23,0.726
Total,Males,BGR,Bulgaria,2017,110994,6803468,6769,99.49,0.756
Total,Males,BGR,Bulgaria,2018,110994,6710798,6436,95.91,0.756
Total,Males,BGR,Bulgaria,2019,110994,6616726,6232,94.19,0.7415
Total,Males,BGR,Bulgaria,2020,110994,6550696,6059,92.49,0.727
Total,Males,BGR,Bulgaria,2021,110994,6507301,5663,87.03,0.746
Total,Males,BGR,Bulgaria,2022,110994,6465097,5369,83.05,0.74
Total,Males,BGR,Bulgaria,2023,110994,6446596,5298,82.18,0.715
Total,Males,CYP,Cyprus,2014,9251,1201801,502,41.77,0.6741
Total,Males,CYP,Cyprus,2015,9251,1219502,515,42.23,0.671
Total,Males,CYP,Cyprus,2016,9251,1237112,545,44.05,0.684
Total,Males,CYP,Cyprus,2017,9251,1254275,558,44.49,0.684
Total,Males,CYP,Cyprus,2018,9251,1270737,583,45.88,0.684
Total,Males,CYP,Cyprus,2019,9251,1286671,725,56.35,0.688
Total,Males,CYP,Cyprus,2020,9251,1302247,571,43.85,0.692
Total,Males,CYP,Cyprus,2021,9251,1317309,718,54.51,0.707
Total,Males,CYP,Cyprus,2022,9251,1331370,897,67.37,0.696
Total,Males,CYP,Cyprus,2023,9251,1344976,901,66.99,0.678
Total,Males,CZE,Czechia,2014,78871,10525347,17488,166.15,0.6737
Total,Males,CZE,Czechia,2015,78871,10546059,19433,184.27,0.687
Total,Males,CZE,Czechia,2016,78871,10566332,20838,197.21,0.69
Total,Males,CZE,Czechia,2017,78871,10594438,20442,192.95,0.688
Total,Males,CZE,Czechia,2018,78871,10629928,19933,187.52,0.693
Total,Males,CZE,Czechia,2019,78871,10671870,19247,180.35,0.6995
Total,Males,CZE,Czechia,2020,78871,10697858,17637,164.86,0.706
Total,Males,CZE,Czechia,2021,78871,10505772,17229,164.0,0.711
Total,Males,CZE,Czechia,2022,78871,10672118,17439,163.41,0.71
Total,Males,CZE,Czechia,2023,78871,10864042,17854,164.34,0.685
Total,Males,DEU,Germany,2014,357596,80982500,59589,73.58,0.778
Total,Males,DEU,Germany,2015,357596,81686611,59411,72.73,0.779
Total,Males,DNK,Denmark,2014,42952,5643475,3438,60.92,0.8025
Total,Males,DNK,Denmark,2015,42952,5683483,3085,54.28,0.767
Total,Males,DNK,Denmark,2016,42952,5728010,3258,56.88,0.754
Total,Males,DNK,Denmark,2017,42952,5764980,3282,56.93,0.776
Total,Males,DNK,Denmark,2018,42952,5793636,3503,60.46,0.778
Total,Males,DNK,Denmark,2019,42952,5814422,3738,64.29,0.78
Total,Males,DNK,Denmark,2020,42952,5831404,3977,68.2,0.782
Total,Males,DNK,Denmark,2021,42952,5856733,4036,68.91,0.768
Total,Males,DNK,Denmark,2022,42952,5903037,4005,67.85,0.764
Total,Males,DNK,Denmark,2023,42952,5946952,3943,66.3,0.78
Total,Males,EST,Estonia,2015,45339,1315407,2668,202.83,0.749
Total,Males,EST,Estonia,2016,45339,1315790,2686,204.14,0.747
Total,Males,EST,Estonia,2017,45339,1317384,2582,195.99,0.731
Total,Males,EST,Estonia,2018,45339,1321977,2461,186.16,0.734
Total,Males,EST,Estonia,2019,45339,1326898,2375,178.99,0.7424999999999999
Total,Males,EST,Estonia,2020,45339,1329522,2251,169.31,0.751
Total,Males,EST,Estonia,2021,45339,1330932,2088,156.88,0.733
Total,Males,EST,Estonia,2022,45339,1348840,1971,146.13,0.733
Total,Males,EST,Estonia,2023,45339,1370286,1753,127.93,0.782
Total,Males,GRC,Greece,2014,131957,10892413,11226,103.06,0.6784
Total,Males,GRC,Greece,2015,131957,10820883,9125,84.33,0.685
Total,Males,GRC,Greece,2016,131957,10775971,9035,83.84,0.68
Total,Males,GRC,Greece,2017,131957,10754679,9460,87.96,0.692
Total,Males,GRC,Greece,2018,131957,10732882,10101,94.11,0.696
Total,Males,GRC,Greece,2019,131957,10721582,10401,97.01,0.6984999999999999
Total,Males,GRC,Greece,2020,131957,10698599,10852,101.43,0.701
Total,Males,GRC,Greece,2021,131957,10569207,10493,99.28,0.689
Total,Males,GRC,Greece,2022,131957,10436882,9993,95.75,0.689
Total,Males,GRC,Greece,2023,131957,10407351,9745,93.64,0.693
Total,Males,ESP,Spain,2014,505990,46460733,58798,126.55,0.7325
Total,Males,ESP,Spain,2015,505990,46422303,55737,120.07,0.742
Total,Males,ESP,Spain,2016,505990,46458139,53971,116.17,0.738
Total,Males,ESP,Spain,2017,505990,46571232,54447,116.91,0.746
Total,Males,ESP,Spain,2018,505990,46782011,54449,116.39,0.746
Total,Males,ESP,Spain,2019,505990,47118501,54144,114.91,0.7705
Total,Males,ESP,Spain,2020,505990,47359424,51165,108.04,0.795
Total,Males,ESP,Spain,2021,505990,47443821,51172,107.86,0.788
Total,Males,ESP,Spain,2022,505990,47786102,51780,108.36,0.788
Total,Males,ESP,Spain,2023,505990,48352528,52698,108.99,0.791
Total,Males,FIN,Finland,2014,338455,5461512,2908,53.25,0.8453
Total,Males,FIN,Finland,2015,338455,5479531,2898,52.89,0.85
Total,Males,FIN,Finland,2016,338455,5495303,2930,53.32,0.845
Total,Males,FIN,Finland,2017,338455,5508214,2848,51.7,0.823
Total,Males,FIN,Finland,2018,338455,5515525,2729,49.48,0.821
Total,Males,FIN,Finland,2019,338455,5521606,2721,49.28,0.8265
Total,Males,FIN,Finland,2020,338455,5529543,2520,45.57,0.832
Total,Males,FIN,Finland,2021,338455,5541017,2600,46.92,0.861
Total,Males,FIN,Finland,2022,338455,5556106,2653,47.75,0.86
Total,Males,FIN,Finland,2023,338455,5583911,2737,49.02,0.863
Total,Males,FRA,France,2014,643801,66312067,64162,96.76,0.7588
Total,Males,FRA,France,2015,643801,66548272,64531,96.97,0.761
Total,Males,FRA,France,2016,643801,66724104,66167,99.17,0.755
Total,Males,FRA,France,2017,643801,66918020,66581,99.5,0.778
Total,Males,FRA,France,2018,643801,67158348,67525,100.55,0.779
Total,Males,FRA,France,2019,643801,67382061,68228,101.26,0.78
Total,Males,FRA,France,2020,643801,67601110,60488,89.48,0.781
Total,Males,FRA,France,2021,643801,67842811,67229,99.1,0.784
Total,Males,FRA,France,2022,643801,68184457,69887,102.5,0.791
Total,Males,FRA,France,2023,643801,68372286,73376,107.32,0.756
Total,Males,HRV,Croatia,2014,56594,4201598,3573,85.04,0.7075
Total,Males,HRV,Croatia,2015,56594,4151725,3177,76.52,0.708
Total,Males,HRV,Croatia,2016,56594,4106867,2985,72.68,0.7
Total,Males,HRV,Croatia,2017,56594,4041407,3043,75.3,0.711
Total,Males,HRV,Croatia,2018,56594,3988775,3047,76.39,0.712
Total,Males,HRV,Croatia,2019,56594,3949390,3339,84.54,0.716
Total,Males,HRV,Croatia,2020,56594,3914206,3343,85.41,0.72
Total,Males,HRV,Croatia,2021,56594,3878981,3698,95.33,0.733
Total,Males,HRV,Croatia,2022,56594,3855641,3872,100.42,0.733
Total,Males,HRV,Croatia,2023,56594,3859686,4219,109.31,0.73
Total,Males,HUN,Hungary,2014,93030,9833038,16541,168.22,0.6759
Total,Males,HUN,Hungary,2015,93030,9797755,16199,165.33,0.672
Total,Males,HUN,Hungary,2016,93030,9759755,16361,167.64,0.669
Total,Males,HUN,Hungary,2017,93030,9726756,16067,165.18,0.67
Total,Males,HUN,Hungary,2018,93030,9706964,15096,155.52,0.674
Total,Males,HUN,Hungary,2019,93030,9694824,15079,155.54,0.6755
Total,Males,HUN,Hungary,2020,93030,9670419,15462,159.89,0.677
Total,Males,HUN,Hungary,2021,93030,9630932,17193,178.52,0.688
Total,Males,HUN,Hungary,2022,93030,9605074,17930,186.67,0.699
Total,Males,HUN,Hungary,2023,93030,9592186,16472,171.72,0.689
Total,Males,IRL,Ireland,2014,70273,4657740,3096,66.47,0.785
Total,Males,IRL,Ireland,2015,70273,4701957,3094,65.8,0.807
Total,Males,IRL,Ireland,2016,70273,4762722,2982,62.61,0.797
Total,Males,IRL,Ireland,2018,70273,4898022,3921,80.05,0.796
Total,Males,IRL,Ireland,2019,70273,4976456,3908,78.53,0.797
Total,Males,IRL,Ireland,2020,70273,5039747,3778,74.96,0.798
Total,Males,IRL,Ireland,2021,70273,5110585,3759,73.55,0.8
Total,Males,IRL,Ireland,2022,70273,5212836,4271,81.93,0.804
Total,Males,IRL,Ireland,2023,70273,5311538,4627,87.11,0.795
Total,Males,ITA,Italy,2014,302068,60320707,52371,86.82,0.6973
Total,Males,ITA,Italy,2015,302068,60229605,51203,85.01,0.726
Total,Males,ITA,Italy,2016,302068,60115223,53599,89.16,0.719
Total,Males,ITA,Italy,2017,302068,60002252,56522,94.2,0.692
Total,Males,ITA,Italy,2018,302068,60148658,58432,97.15,0.706
Total,Males,ITA,Italy,2019,302068,59729081,59442,99.52,0.7064999999999999
Total,Males,ITA,Italy,2020,302068,59438851,52285,87.96,0.707
Total,Males,ITA,Italy,2021,302068,59133173,53055,89.72,0.721
Total,Males,ITA,Italy,2022,302068,59013667,55032,93.25,0.72
Total,Males,ITA,Italy,2023,302068,58984216,58964,99.97,0.705
Total,Males,LTU,Lithuania,2014,65300,2937253,8256,281.08,0.7208
Total,Males,LTU,Lithuania,2015,65300,2911109,7059,242.48,0.74
Total,Males,LTU,Lithuania,2016,65300,2877325,6493,225.66,0.744
Total,Males,LTU,Lithuania,2017,65300,2842639,6268,220.5,0.742
Total,Males,LTU,Lithuania,2018,65300,2819200,6181,219.25,0.749
Total,Males,LTU,Lithuania,2019,65300,2811089,5850,208.1,0.747
Total,Males,LTU,Lithuania,2020,65300,2810369,5068,180.33,0.745
Total,Males,LTU,Lithuania,2021,65300,2808380,4869,173.37,0.804
Total,Males,LTU,Lithuania,2022,65300,2831639,4759,168.07,0.799
Total,Males,LTU,Lithuania,2023,65300,2871585,4345,151.31,0.8
Total,Males,LUX,Luxembourg,2014,2586,556319,600,107.85,0.7333
Total,Males,LUX,Luxembourg,2015,2586,569604,651,114.29,0.738
Total,Males,LUX,Luxembourg,2016,2586,582014,688,118.21,0.734
Total,Males,LUX,Luxembourg,2017,2586,596336,647,108.5,0.707
Total,Males,LUX,Luxembourg,2018,2586,607950,623,102.48,0.712
Total,Males,LUX,Luxembourg,2019,2586,620001,562,90.65,0.7184999999999999
Total,Males,LUX,Luxembourg,2020,2586,630419,528,83.75,0.725
Total,Males,LUX,Luxembourg,2021,2586,640064,583,91.08,0.726
Total,Males,LUX,Luxembourg,2022,2586,653103,666,101.97,0.736
Total,Males,LUX,Luxembourg,2023,2586,666430,577,86.58,0.747
Total,Males,LVA,Latvia,2014,64589,1993782,4400,220.69,0.7691
Total,Males,LVA,Latvia,2015,64589,1977527,4051,204.85,0.752
Total,Males,LVA,Latvia,2016,64589,1959537,3894,198.72,0.775
Total,Males,LVA,Latvia,2017,64589,1942248,3474,178.86,0.756
Total,Males,LVA,Latvia,2018,64589,1927174,3248,168.54,0.758
Total,Males,LVA,Latvia,2019,64589,1913822,3120,163.02,0.7715000000000001
Total,Males,LVA,Latvia,2020,64589,1900449,2824,148.6,0.785
Total,Males,LVA,Latvia,2021,64589,1884490,2915,154.68,0.778
Total,Males,LVA,Latvia,2022,64589,1879383,2981,158.62,0.771
Total,Males,LVA,Latvia,2023,64589,1883710,3022,160.43,0.794
Total,Males,MLT,Malta,2014,316,433481,544,125.5,0.6707
Total,Males,MLT,Malta,2015,316,444220,528,118.86,0.668
Total,Males,MLT,Malta,2016,316,454505,516,113.53,0.664
Total,Males,MLT,Malta,2017,316,467106,517,110.68,0.682
Total,Males,MLT,Malta,2018,316,483903,563,116.35,0.686
Total,Males,MLT,Malta,2019,316,503912,691,137.13,0.6895
Total,Males,MLT,Malta,2020,316,515490,806,156.36,0.693
Total,Males,MLT,Malta,2021,316,518150,560,108.08,0.703
Total,Males,MLT,Malta,2022,316,531113,506,95.27,0.703
Total,Males,MLT,Malta,2023,316,552747,626,113.25,0.713
Total,Males,NLD,Netherlands,2014,41865,16865008,11263,66.78,0.773
Total,Males,NLD,Netherlands,2015,41865,16939923,10351,61.1,0.776
Total,Males,NLD,Netherlands,2016,41865,17030314,10021,58.84,0.756
Total,Males,NLD,Netherlands,2017,41865,17131296,10278,60.0,0.737
Total,Males,NLD,Netherlands,2018,41865,17231624,10624,61.65,0.747
Total,Males,NLD,Netherlands,2019,41865,17344874,11053,63.72,0.7244999999999999
Total,Males,NLD,Netherlands,2020,41865,17441500,10510,60.26,0.702
Total,Males,NLD,Netherlands,2021,41865,17533044,10735,61.23,0.762
Total,Males,NLD,Netherlands,2022,41865,17700982,10719,60.56,0.767
Total,Males,NLD,Netherlands,2023,41865,17877117,11123,62.22,0.777
Total,Males,POL,Poland,2014,312696,38011735,76574,201.45,0.7051
Total,Males,POL,Poland,2015,312696,37986412,70116,184.58,0.715
Total,Males,POL,Poland,2016,312696,37970087,69567,183.22,0.727
Total,Males,POL,Poland,2017,312696,37974826,71497,188.27,0.728
Total,Males,POL,Poland,2018,312696,37974750,69789,183.78,0.728
Total,Males,POL,Poland,2019,312696,37965475,71340,187.91,0.732
Total,Males,POL,Poland,2020,312696,37515748,65217,173.84,0.736
Total,Males,POL,Poland,2021,312696,36981559,68824,186.1,0.713
Total,Males,POL,Poland,2022,312696,36821749,68201,185.22,0.709
Total,Males,POL,Poland,2023,312696,36687353,70673,192.64,0.722
Total,Males,PRT,Portugal,2014,92212,10401062,12925,124.27,0.7243
Total,Males,PRT,Portugal,2015,92212,10358076,13152,126.97,0.731
Total,Males,PRT,Portugal,2016,92212,10325452,309,2.99,0.737
Total,Males,PRT,Portugal,2017,92212,10300300,313,3.04,0.734
Total,Males,PRT,Portugal,2018,92212,10283822,305,2.97,0.732
Total,Males,PRT,Portugal,2019,92212,10286263,12071,117.35,0.738
Total,Males,PRT,Portugal,2020,92212,10297081,10694,103.85,0.744
Total,Males,PRT,Portugal,2021,92212,10361831,10877,104.97,0.775
Total,Males,PRT,Portugal,2022,92212,10434332,11603,111.2,0.766
Total,Males,PRT,Portugal,2023,92212,10578174,11400,107.77,0.765
Total,Males,ROU,Romania,2014,238397,19908979,28619,143.75,0.6936
Total,Males,ROU,Romania,2015,238397,19815616,26891,135.71,0.693
Total,Males,ROU,Romania,2016,238397,19702267,26044,132.19,0.69
Total,Males,ROU,Romania,2017,238397,19588715,22330,113.99,0.708
Total,Males,ROU,Romania,2018,238397,19473970,19844,101.9,0.711
Total,Males,ROU,Romania,2019,238397,19371648,19646,101.42,0.7175
Total,Males,ROU,Romania,2020,238397,19265250,20737,107.64,0.724
Total,Males,ROU,Romania,2021,238397,19122059,21970,114.89,0.7
Total,Males,ROU,Romania,2022,238397,19048502,22041,115.71,0.698
Total,Males,ROU,Romania,2023,238397,19061062,22601,118.57,0.697
Total,Males,SWE,Sweden,2014,450295,9696110,5474,56.46,0.8165
Total,Males,SWE,Sweden,2015,450295,9799186,5364,54.74,0.823
Total,Males,SWE,Sweden,2016,450295,9923085,5312,53.53,0.815
Total,Males,SWE,Sweden,2017,450295,10057698,5365,53.34,0.816
Total,Males,SWE,Sweden,2018,450295,10175214,5769,56.7,0.822
Total,Males,SWE,Sweden,2019,450295,10278887,6311,61.4,0.821
Total,Males,SWE,Sweden,2020,450295,10353442,6859,66.25,0.82
Total,Males,SWE,Sweden,2021,450295,10415811,7319,70.27,0.823
Total,Males,SWE,Sweden,2022,450295,10486941,7884,75.18,0.822
Total,Males,SWE,Sweden,2023,450295,10536632,9084,86.21,0.815
Total,Males,SVN,Slovenia,2014,20271,2061980,1433,69.5,0.7443
Total,Males,SVN,Slovenia,2015,20271,2063531,1318,63.87,0.784
Total,Males,SVN,Slovenia,2016,20271,2065042,1204,58.3,0.786
Total,Males,SVN,Slovenia,2018,20271,2073894,1265,61.0,0.784
Total,Males,SVN,Slovenia,2019,20271,2088385,1320,63.21,0.7635000000000001
Total,Males,SVN,Slovenia,2020,20271,2102419,1380,65.64,0.743
Total,Males,SVN,Slovenia,2021,20271,2108079,1080,51.23,0.741
Total,Males,SVN,Slovenia,2022,20271,2112076,1306,61.83,0.744
Total,Males,SVN,Slovenia,2023,20271,2120461,1359,64.09,0.773
Total,Males,SVK,Slovakia,2014,49035,5418649,9406,173.59,0.6806
Total,Males,SVK,Slovakia,2015,49035,5423801,9282,171.13,0.675
Total,Males,SVK,Slovakia,2016,49035,5430798,9322,171.65,0.679
Total,Males,SVK,Slovakia,2017,49035,5439232,9312,171.2,0.694
Total,Males,SVK,Slovakia,2018,49035,5446771,9522,174.82,0.693
Total,Males,SVK,Slovakia,2019,49035,5454147,9770,179.13,0.7055
Total,Males,SVK,Slovakia,2020,49035,5458827,9728,178.21,0.718
Total,Males,SVK,Slovakia,2021,49035,5447247,9353,171.7,0.712
Total,Males,SVK,Slovakia,2022,49035,5431752,9219,169.72,0.717
Total,Males,SVK,Slovakia,2023,49035,5426740,8974,165.37,0.72
Total,Total,AUT,Austria,2014,83879,8546356,8692,101.7,0.7266
Total,Total,AUT,Austria,2015,83879,8642699,8665,100.26,0.733
Total,Total,AUT,Austria,2016,83879,8736668,8619,98.65,0.716
Total,Total,AUT,Austria,2017,83879,8797566,8852,100.62,0.709
Total,Total,AUT,Austria,2018,83879,8840521,9163,103.65,0.718
Total,Total,AUT,Austria,2019,83879,8879920,9072,102.16,0.731
Total,Total,AUT,Austria,2020,83879,8916864,8488,95.19,0.744
Total,Total,AUT,Austria,2021,83879,8955797,8436,94.2,0.777
Total,Total,AUT,Austria,2022,83879,9041851,8993,99.46,0.781
Total,Total,AUT,Austria,2023,83879,9131761,9089,99.53,0.74
Total,Total,BEL,Belgium,2015,30689,11274196,10994,97.51,0.753
Total,Total,BEL,Belgium,2017,30689,11375158,10471,92.05,0.739
Total,Total,BEL,Belgium,2018,30689,11427054,10261,89.8,0.738
Total,Total,BEL,Belgium,2019,30689,11488980,10794,93.95,0.7444999999999999
Total,Total,BEL,Belgium,2020,30689,11538604,10357,89.76,0.751
Total,Total,BEL,Belgium,2021,30689,11586195,10769,92.95,0.789
Total,Total,BEL,Belgium,2022,30689,11680210,11050,94.6,0.793
Total,Total,BEL,Belgium,2023,30689,11779946,11893,100.96,0.796
Total,Total,BGR,Bulgaria,2014,110994,7073572,7870,111.26,0.7444
Total,Total,BGR,Bulgaria,2015,110994,6984225,7408,106.07,0.722
Total,Total,BGR,Bulgaria,2016,110994,6894139,7345,106.54,0.726
Total,Total,BGR,Bulgaria,2017,110994,6803468,6988,102.71,0.756
Total,Total,BGR,Bulgaria,2018,110994,6710798,6651,99.11,0.756
Total,Total,BGR,Bulgaria,2019,110994,6616726,6448,97.45,0.7415
Total,Total,BGR,Bulgaria,2020,110994,6550696,6251,95.42,0.727
Total,Total,BGR,Bulgaria,2021,110994,6507301,5873,90.25,0.746
Total,Total,BGR,Bulgaria,2022,110994,6465097,5577,86.26,0.74
Total,Total,BGR,Bulgaria,2023,110994,6446596,5526,85.72,0.715
Total,Total,CYP,Cyprus,2014,9251,1201801,532,44.27,0.6741
Total,Total,CYP,Cyprus,2015,9251,1219502,547,44.85,0.671
Total,Total,CYP,Cyprus,2016,9251,1237112,586,47.37,0.684
Total,Total,CYP,Cyprus,2017,9251,1254275,592,47.2,0.684
Total,Total,CYP,Cyprus,2018,9251,1270737,619,48.71,0.684
Total,Total,CYP,Cyprus,2019,9251,1286671,759,58.99,0.688
Total,Total,CYP,Cyprus,2020,9251,1302247,601,46.15,0.692
Total,Total,CYP,Cyprus,2021,9251,1317309,795,60.35,0.707
Total,Total,CYP,Cyprus,2022,9251,1331370,958,71.96,0.696
Total,Total,CYP,Cyprus,2023,9251,1344976,959,71.3,0.678
Total,Total,CZE,Czechia,2014,78871,10525347,18658,177.27,0.6737
Total,Total,CZE,Czechia,2015,78871,10546059,20866,197.86,0.687
Total,Total,CZE,Czechia,2016,78871,10566332,22481,212.76,0.69
Total,Total,CZE,Czechia,2017,78871,10594438,22159,209.16,0.688
Total,Total,CZE,Czechia,2018,78871,10629928,21577,202.98,0.693
Total,Total,CZE,Czechia,2019,78871,10671870,21048,197.23,0.6995
Total,Total,CZE,Czechia,2020,78871,10697858,19286,180.28,0.706
Total,Total,CZE,Czechia,2021,78871,10505772,18748,178.45,0.711
Total,Total,CZE,Czechia,2022,78871,10672118,19052,178.52,0.71
Total,Total,CZE,Czechia,2023,78871,10864042,19569,180.13,0.685
Total,Total,DEU,Germany,2014,357596,80982500,63228,78.08,0.778
Total,Total,DEU,Germany,2015,357596,81686611,63020,77.15,0.779
Total,Total,DEU,Germany,2016,357596,82348669,64291,78.07,0.766
Total,Total,DEU,Germany,2017,357596,82657002,65841,79.66,0.778
Total,Total,DEU,Germany,2018,357596,82905782,65762,79.32,0.776
Total,Total,DEU,Germany,2019,357596,83092962,63146,75.99,0.7815000000000001
Total,Total,DEU,Germany,2020,357596,83160871,59585,71.65,0.787
Total,Total,DEU,Germany,2021,357596,83196078,57525,69.14,0.796
Total,Total,DEU,Germany,2022,357596,83177813,57465,69.09,0.801
Total,Total,DEU,Germany,2023,357596,83287273,59165,71.04,0.815
Total,Total,DNK,Denmark,2014,42952,5643475,3583,63.49,0.8025
Total,Total,DNK,Denmark,2015,42952,5683483,3203,56.36,0.767
Total,Total,DNK,Denmark,2016,42952,5728010,3408,59.5,0.754
Total,Total,DNK,Denmark,2017,42952,5764980,3418,59.29,0.776
Total,Total,DNK,Denmark,2018,42952,5793636,3635,62.74,0.778
Total,Total,DNK,Denmark,2019,42952,5814422,3920,67.42,0.78
Total,Total,DNK,Denmark,2020,42952,5831404,4166,71.44,0.782
Total,Total,DNK,Denmark,2021,42952,5856733,4222,72.09,0.768
Total,Total,DNK,Denmark,2022,42952,5903037,4208,71.29,0.764
Total,Total,DNK,Denmark,2023,42952,5946952,4154,69.85,0.78
Total,Total,EST,Estonia,2014,45339,1314545,3034,230.8,0.7017
Total,Total,EST,Estonia,2015,45339,1315407,2823,214.61,0.749
Total,Total,EST,Estonia,2016,45339,1315790,2864,217.66,0.747
Total,Total,EST,Estonia,2017,45339,1317384,2723,206.7,0.731
Total,Total,EST,Estonia,2018,45339,1321977,2584,195.46,0.734
Total,Total,EST,Estonia,2019,45339,1326898,2487,187.43,0.7424999999999999
Total,Total,EST,Estonia,2020,45339,1329522,2348,176.6,0.751
Total,Total,EST,Estonia,2021,45339,1330932,2189,164.47,0.733
Total,Total,EST,Estonia,2022,45339,1348840,2073,153.69,0.733
Total,Total,EST,Estonia,2023,45339,1370286,1841,134.35,0.782
Total,Total,GRC,Greece,2014,131957,10892413,11798,108.31,0.6784
Total,Total,GRC,Greece,2015,131957,10820883,9611,88.82,0.685
Total,Total,GRC,Greece,2016,131957,10775971,9560,88.72,0.68
Total,Total,GRC,Greece,2017,131957,10754679,10011,93.09,0.692
Total,Total,GRC,Greece,2018,131957,10732882,10654,99.27,0.696
Total,Total,GRC,Greece,2019,131957,10721582,10891,101.58,0.6984999999999999
Total,Total,GRC,Greece,2020,131957,10698599,11379,106.36,0.701
Total,Total,GRC,Greece,2021,131957,10569207,11030,104.36,0.689
Total,Total,GRC,Greece,2022,131957,10436882,10526,100.85,0.689
Total,Total,GRC,Greece,2023,131957,10407351,10242,98.41,0.693
Total,Total,ESP,Spain,2014,505990,46460733,65017,139.94,0.7325
Total,Total,ESP,Spain,2015,505990,46422303,61614,132.72,0.742
Total,Total,ESP,Spain,2016,505990,46458139,59589,128.26,0.738
Total,Total,ESP,Spain,2017,505990,46571232,58812,126.28,0.746
Total,Total,ESP,Spain,2018,505990,46782011,58883,125.87,0.746
Total,Total,ESP,Spain,2019,505990,47118501,58517,124.19,0.7705
Total,Total,ESP,Spain,2020,505990,47359424,55180,116.51,0.795
Total,Total,ESP,Spain,2021,505990,47443821,55097,116.13,0.788
Total,Total,ESP,Spain,2022,505990,47786102,55751,116.67,0.788
Total,Total,ESP,Spain,2023,505990,48352528,56698,117.26,0.791
Total,Total,FIN,Finland,2014,338455,5461512,3148,57.64,0.8453
Total,Total,FIN,Finland,2015,338455,5479531,3135,57.21,0.85
Total,Total,FIN,Finland,2016,338455,5495303,3156,57.43,0.845
Total,Total,FIN,Finland,2017,338455,5508214,3082,55.95,0.823
Total,Total,FIN,Finland,2018,338455,5515525,2956,53.59,0.821
Total,Total,FIN,Finland,2019,338455,5521606,2945,53.34,0.8265
Total,Total,FIN,Finland,2020,338455,5529543,2751,49.75,0.832
Total,Total,FIN,Finland,2021,338455,5541017,2811,50.73,0.861
Total,Total,FIN,Finland,2022,338455,5556106,2861,51.49,0.86
Total,Total,FIN,Finland,2023,338455,5583911,2962,53.05,0.863
Total,Total,FRA,France,2014,643801,66312067,66270,99.94,0.7588
Total,Total,FRA,France,2015,643801,66548272,66678,100.19,0.761
Total,Total,FRA,France,2016,643801,66724104,68432,102.56,0.755
Total,Total,FRA,France,2017,643801,66918020,68974,103.07,0.778
Total,Total,FRA,France,2018,643801,67158348,70059,104.32,0.779
Total,Total,FRA,France,2019,643801,67382061,70739,104.98,0.78
Total,Total,FRA,France,2020,643801,67601110,62543,92.52,0.781
Total,Total,FRA,France,2021,643801,67842811,69448,102.37,0.784
Total,Total,FRA,France,2022,643801,68184457,72173,105.85,0.791
Total,Total,FRA,France,2023,643801,68372286,75913,111.03,0.756
Total,Total,HRV,Croatia,2014,56594,4201598,3763,89.56,0.7075
Total,Total,HRV,Croatia,2015,56594,4151725,3341,80.47,0.708
Total,Total,HRV,Croatia,2016,56594,4106867,3108,75.68,0.7
Total,Total,HRV,Croatia,2017,56594,4041407,3190,78.93,0.711
Total,Total,HRV,Croatia,2018,56594,3988775,3217,80.65,0.712
Total,Total,HRV,Croatia,2019,56594,3949390,3533,89.46,0.716
Total,Total,HRV,Croatia,2020,56594,3914206,3531,90.21,0.72
Total,Total,HRV,Croatia,2021,56594,3878981,3905,100.67,0.733
Total,Total,HRV,Croatia,2022,56594,3855641,4091,106.1,0.733
Total,Total,HRV,Croatia,2023,56594,3859686,4445,115.16,0.73
Total,Total,HUN,Hungary,2014,93030,9833038,17890,181.94,0.6759
Total,Total,HUN,Hungary,2015,93030,9797755,17449,178.09,0.672
Total,Total,HUN,Hungary,2016,93030,9759755,17658,180.93,0.669
Total,Total,HUN,Hungary,2017,93030,9726756,17343,178.3,0.67
Total,Total,HUN,Hungary,2018,93030,9706964,16303,167.95,0.674
Total,Total,HUN,Hungary,2019,93030,9694824,16334,168.48,0.6755
Total,Total,HUN,Hungary,2020,93030,9670419,16752,173.23,0.677
Total,Total,HUN,Hungary,2021,93030,9630932,18623,193.37,0.688
Total,Total,HUN,Hungary,2022,93030,9605074,19347,201.42,0.699
Total,Total,HUN,Hungary,2023,93030,9592186,17939,187.02,0.689
Total,Total,IRL,Ireland,2014,70273,4657740,3777,81.09,0.785
Total,Total,IRL,Ireland,2015,70273,4701957,3755,79.86,0.807
Total,Total,IRL,Ireland,2016,70273,4762722,3718,78.06,0.797
Total,Total,IRL,Ireland,2017,70273,4827445,3680,76.23,0.794
Total,Total,IRL,Ireland,2018,70273,4898022,3962,80.89,0.796
Total,Total,IRL,Ireland,2019,70273,4976456,4017,80.72,0.797
Total,Total,IRL,Ireland,2020,70273,5039747,3810,75.6,0.798
Total,Total,IRL,Ireland,2021,70273,5110585,3806,74.47,0.8
Total,Total,IRL,Ireland,2022,70273,5212836,4369,83.81,0.804
Total,Total,IRL,Ireland,2023,70273,5311538,4731,89.07,0.795
Total,Total,ITA,Italy,2014,302068,60320707,54745,90.76,0.6973
Total,Total,ITA,Italy,2015,302068,60229605,53410,88.68,0.726
Total,Total,ITA,Italy,2016,302068,60115223,55978,93.12,0.719
Total,Total,ITA,Italy,2017,302068,60002252,59038,98.39,0.692
Total,Total,ITA,Italy,2018,302068,60148658,61131,101.63,0.706
Total,Total,ITA,Italy,2019,302068,59729081,62232,104.19,0.7064999999999999
Total,Total,ITA,Italy,2020,302068,59438851,54605,91.87,0.707
Total,Total,ITA,Italy,2021,302068,59133173,55349,93.6,0.721
Total,Total,ITA,Italy,2022,302068,59013667,57455,97.36,0.72
Total,Total,ITA,Italy,2023,302068,58984216,61568,104.38,0.705
Total,Total,LTU,Lithuania,2014,65300,2937253,8636,294.02,0.7208
Total,Total,LTU,Lithuania,2015,65300,2911109,7355,252.65,0.74
Total,Total,LTU,Lithuania,2016,65300,2877325,6815,236.85,0.744
Total,Total,LTU,Lithuania,2017,65300,2842639,6599,232.14,0.742
Total,Total,LTU,Lithuania,2018,65300,2819200,6485,230.03,0.749
Total,Total,LTU,Lithuania,2019,65300,2811089,6138,218.35,0.747
Total,Total,LTU,Lithuania,2020,65300,2810369,5320,189.3,0.745
Total,Total,LTU,Lithuania,2021,65300,2808380,5086,181.1,0.804
Total,Total,LTU,Lithuania,2022,65300,2831639,4973,175.62,0.799
Total,Total,LTU,Lithuania,2023,65300,2871585,4551,158.48,0.8
Total,Total,LUX,Luxembourg,2014,2586,556319,626,112.53,0.7333
Total,Total,LUX,Luxembourg,2015,2586,569604,691,121.31,0.738
Total,Total,LUX,Luxembourg,2016,2586,582014,724,124.4,0.734
Total,Total,LUX,Luxembourg,2017,2586,596336,684,114.7,0.707
Total,Total,LUX,Luxembourg,2018,2586,607950,656,107.9,0.712
Total,Total,LUX,Luxembourg,2019,2586,620001,594,95.81,0.7184999999999999
Total,Total,LUX,Luxembourg,2020,2586,630419,557,88.35,0.725
Total,Total,LUX,Luxembourg,2021,2586,640064,617,96.4,0.726
Total,Total,LUX,Luxembourg,2022,2586,653103,705,107.95,0.736
Total,Total,LUX,Luxembourg,2023,2586,666430,605,90.78,0.747
Total,Total,LVA,Latvia,2014,64589,1993782,4745,237.99,0.7691
Total,Total,LVA,Latvia,2015,64589,1977527,4409,222.96,0.752
Total,Total,LVA,Latvia,2016,64589,1959537,4243,216.53,0.775
Total,Total,LVA,Latvia,2017,64589,1942248,3765,193.85,0.756
Total,Total,LVA,Latvia,2018,64589,1927174,3522,182.75,0.758
Total,Total,LVA,Latvia,2019,64589,1913822,3414,178.39,0.7715000000000001
Total,Total,LVA,Latvia,2020,64589,1900449,3104,163.33,0.785
Total,Total,LVA,Latvia,2021,64589,1884490,3183,168.91,0.778
Total,Total,LVA,Latvia,2022,64589,1879383,3229,171.81,0.771
Total,Total,LVA,Latvia,2023,64589,1883710,3271,173.65,0.794
Total,Total,MLT,Malta,2014,316,433481,581,134.03,0.6707
Total,Total,MLT,Malta,2015,316,444220,569,128.09,0.668
Total,Total,MLT,Malta,2016,316,454505,553,121.67,0.664
Total,Total,MLT,Malta,2017,316,467106,591,126.52,0.682
Total,Total,MLT,Malta,2018,316,483903,635,131.22,0.686
Total,Total,MLT,Malta,2019,316,503912,754,149.63,0.6895
Total,Total,MLT,Malta,2020,316,515490,864,167.61,0.693
Total,Total,MLT,Malta,2021,316,518150,614,118.5,0.703
Total,Total,MLT,Malta,2022,316,531113,559,105.25,0.703
Total,Total,MLT,Malta,2023,316,552747,672,121.57,0.713
Total,Total,NLD,Netherlands,2014,41865,16865008,11934,70.76,0.773
Total,Total,NLD,Netherlands,2015,41865,16939923,10850,64.05,0.776
Total,Total,NLD,Netherlands,2016,41865,17030314,10601,62.25,0.756
Total,Total,NLD,Netherlands,2017,41865,17131296,10874,63.47,0.737
Total,Total,NLD,Netherlands,2018,41865,17231624,11251,65.29,0.747
Total,Total,NLD,Netherlands,2019,41865,17344874,11777,67.9,0.7244999999999999
Total,Total,NLD,Netherlands,2020,41865,17441500,11024,63.21,0.702
Total,Total,NLD,Netherlands,2021,41865,17533044,11309,64.5,0.762
Total,Total,NLD,Netherlands,2022,41865,17700982,11238,63.49,0.767
Total,Total,NLD,Netherlands,2023,41865,17877117,11681,65.34,0.777
Total,Total,POL,Poland,2014,312696,38011735,79345,208.74,0.7051
Total,Total,POL,Poland,2015,312696,37986412,72695,191.37,0.715
Total,Total,POL,Poland,2016,312696,37970087,72209,190.17,0.727
Total,Total,POL,Poland,2017,312696,37974826,74480,196.13,0.728
Total,Total,POL,Poland,2018,312696,37974750,72818,191.75,0.728
Total,Total,POL,Poland,2019,312696,37965475,74612,196.53,0.732
Total,Total,POL,Poland,2020,312696,37515748,68354,182.2,0.736
Total,Total,POL,Poland,2021,312696,36981559,72269,195.42,0.713
Total,Total,POL,Poland,2022,312696,36821749,71723,194.78,0.709
Total,Total,POL,Poland,2023,312696,36687353,74505,203.08,0.722
Total,Total,PRT,Portugal,2014,92212,10401062,14198,136.51,0.7243
Total,Total,PRT,Portugal,2015,92212,10358076,14373,138.76,0.731
Total,Total,PRT,Portugal,2016,92212,10325452,13917,134.78,0.737
Total,Total,PRT,Portugal,2017,92212,10300300,13587,131.91,0.734
Total,Total,PRT,Portugal,2018,92212,10283822,13021,126.62,0.732
Total,Total,PRT,Portugal,2019,92212,10286263,12947,125.87,0.738
Total,Total,PRT,Portugal,2020,92212,10297081,11502,111.7,0.744
Total,Total,PRT,Portugal,2021,92212,10361831,11704,112.95,0.775
Total,Total,PRT,Portugal,2022,92212,10434332,12502,119.82,0.766
Total,Total,PRT,Portugal,2023,92212,10578174,12321,116.48,0.765
Total,Total,ROU,Romania,2014,238397,19908979,30156,151.47,0.6936
Total,Total,ROU,Romania,2015,238397,19815616,28334,142.99,0.693
Total,Total,ROU,Romania,2016,238397,19702267,27455,139.35,0.69
Total,Total,ROU,Romania,2017,238397,19588715,23450,119.71,0.708
Total,Total,ROU,Romania,2018,238397,19473970,20792,106.77,0.711
Total,Total,ROU,Romania,2019,238397,19371648,20578,106.23,0.7175
Total,Total,ROU,Romania,2020,238397,19265250,21753,112.91,0.724
Total,Total,ROU,Romania,2021,238397,19122059,22989,120.22,0.7
Total,Total,ROU,Romania,2022,238397,19048502,23082,121.17,0.698
Total,Total,ROU,Romania,2023,238397,19061062,23650,124.07,0.697
Total,Total,SWE,Sweden,2014,450295,9696110,5807,59.89,0.8165
Total,Total,SWE,Sweden,2015,450295,9799186,5691,58.08,0.823
Total,Total,SWE,Sweden,2016,450295,9923085,5658,57.02,0.815
Total,Total,SWE,Sweden,2017,450295,10057698,5713,56.8,0.816
Total,Total,SWE,Sweden,2018,450295,10175214,6114,60.09,0.822
Total,Total,SWE,Sweden,2019,450295,10278887,6719,65.37,0.821
Total,Total,SWE,Sweden,2020,450295,10353442,7297,70.48,0.82
Total,Total,SWE,Sweden,2021,450295,10415811,7776,74.66,0.823
Total,Total,SWE,Sweden,2022,450295,10486941,8414,80.23,0.822
Total,Total,SWE,Sweden,2023,450295,10536632,9748,92.52,0.815
Total,Total,SVN,Slovenia,2014,20271,2061980,1522,73.81,0.7443
Total,Total,SVN,Slovenia,2015,20271,2063531,1399,67.8,0.784
Total,Total,SVN,Slovenia,2016,20271,2065042,1308,63.34,0.786
Total,Total,SVN,Slovenia,2018,20271,2073894,1346,64.9,0.784
Total,Total,SVN,Slovenia,2019,20271,2088385,1396,66.85,0.7635000000000001
Total,Total,SVN,Slovenia,2020,20271,2102419,1449,68.92,0.743
Total,Total,SVN,Slovenia,2021,20271,2108079,1136,53.89,0.741
Total,Total,SVN,Slovenia,2022,20271,2112076,1380,65.34,0.744
Total,Total,SVN,Slovenia,2023,20271,2120461,1438,67.82,0.773
Total,Total,SVK,Slovakia,2014,49035,5418649,10020,184.92,0.6806
Total,Total,SVK,Slovakia,2015,49035,5423801,9913,182.77,0.675
Total,Total,SVK,Slovakia,2016,49035,5430798,9995,184.04,0.679
Total,Total,SVK,Slovakia,2017,49035,5439232,10028,184.36,0.694
Total,Total,SVK,Slovakia,2018,49035,5446771,10294,188.99,0.693
Total,Total,SVK,Slovakia,2019,49035,5454147,10555,193.52,0.7055
Total,Total,SVK,Slovakia,2020,49035,5458827,10519,192.7,0.718
Total,Total,SVK,Slovakia,2021,49035,5447247,10104,185.49,0.712
Total,Total,SVK,Slovakia,2022,49035,5431752,9839,181.14,0.717
Total,Total,SVK,Slovakia,2023,49035,5426740,9724,179.19,0.72
Adult,Total,EU,EU Average,2014,10530000,431711762,488723,3255.69,0.7312692307692308
Juvenile,Total,EU,EU Average,2014,10530000,350729262,8983,50.16,0.7293999999999999
Total,Females,EU,EU Average,2014,10530000,430397217,25252,167.97,0.732452
Total,Males,EU,EU Average,2014,10530000,430397217,468982,2902.88,0.732452
Total,Total,EU,EU Average,2014,10530000,431711762,499575,3320.7200000000003,0.7312692307692308
Adult,Total,EU,EU Average,2015,10530000,443793218,482671,3210.04,0.7372962962962963
Juvenile,Total,EU,EU Average,2015,10530000,362106607,8253,46.29,0.7356923076923076
Total,Females,EU,EU Average,2015,10530000,443793218,25035,182.07,0.7372962962962963
Total,Males,EU,EU Average,2015,10530000,443793218,465413,3069.46,0.7372962962962963
Total,Total,EU,EU Average,2015,10530000,443793218,492798,3271.54,0.7372962962962963
Adult,Total,EU,EU Average,2016,10530000,350996561,411062,3019.82,0.73308
Juvenile,Total,EU,EU Average,2016,10530000,350996561,7049,41.72,0.73308
Total,Females,EU,EU Average,2016,10530000,350996561,20525,169.71,0.73308
Total,Males,EU,EU Average,2016,10530000,350996561,383971,2759.96,0.73308
Total,Total,EU,EU Average,2016,10530000,433345230,484271,3155.71,0.7343461538461539
Adult,Total,EU,EU Average,2017,10530000,355770225,418409,2931.7200000000003,0.7291249999999999
Juvenile,Total,EU,EU Average,2017,10530000,355770225,7015,39.61,0.7291249999999999
Total,Females,EU,EU Average,2017,10530000,355770225,21106,166.19,0.7291249999999999
Total,Males,EU,EU Average,2017,10530000,355770225,390967,2671.89,0.7291249999999999
Total,Total,EU,EU Average,2017,10530000,443254672,494945,3127.22,0.7334999999999999
Adult,Total,EU,EU Average,2018,10530000,358526086,417944,2953.89,0.7342799999999999
Juvenile,Total,EU,EU Average,2018,10530000,363424108,6815,40.85,0.7366538461538461
Total,Females,EU,EU Average,2018,10530000,363424108,21681,174.22,0.7366538461538461
Total,Males,EU,EU Average,2018,10530000,363424108,394349,2778.05,0.7366538461538461
Total,Total,EU,EU Average,2018,10530000,446329890,494351,3152.25,0.738111111111111
Adult,Total,EU,EU Average,2019,10530000,362490593,424047,2872.22,0.73934
Juvenile,Total,EU,EU Average,2019,10530000,363817491,6776,38.97,0.7394615384615384
Total,Females,EU,EU Average,2019,10530000,363817491,23140,184.02,0.7394615384615384
Total,Males,EU,EU Average,2019,10530000,363817491,410094,2912.92,0.7394615384615384
Total,Total,EU,EU Average,2019,10530000,446910453,496366,3172.01,0.7410185185185185
Adult,Total,EU,EU Average,2020,10530000,363710088,398156,2927.08,0.7422692307692308
Juvenile,Total,EU,EU Average,2020,10530000,363710088,5757,36.95,0.7422692307692308
Total,Females,EU,EU Average,2020,10530000,363710088,21263,171.25,0.7422692307692308
Total,Males,EU,EU Average,2020,10530000,363710088,382540,2790.67,0.7422692307692308
Total,Total,EU,EU Average,2020,10530000,446870959,463376,3033.25,0.7439259259259259
Adult,Total,EU,EU Average,2021,10530000,363031280,412103,2929.57,0.7512307692307693
Juvenile,Total,EU,EU Average,2021,10530000,363031280,5887,32.91,0.7512307692307693
Total,Females,EU,EU Average,2021,10530000,363031280,21801,176.41,0.7512307692307693
Total,Males,EU,EU Average,2021,10530000,363031280,396189,2786.09,0.7512307692307693
Total,Total,EU,EU Average,2021,10530000,446227358,475413,3029.64,0.7528888888888888
Adult,Total,EU,EU Average,2022,10530000,364024860,420294,2977.89,0.7512692307692308
Juvenile,Total,EU,EU Average,2022,10530000,364024860,5944,30.16,0.7512692307692308
Total,Females,EU,EU Average,2022,10530000,364024860,22313,177.12,0.7512692307692308
Total,Males,EU,EU Average,2022,10530000,364024860,403925,2830.92,0.7512692307692308
Total,Total,EU,EU Average,2022,10530000,447202673,483593,3075.02,0.7531111111111111
Adult,Total,EU,EU Average,2023,10530000,365610272,433309,2980.29,0.7508076923076923
Juvenile,Total,EU,EU Average,2023,10530000,365610272,6515,32.33,0.7508076923076923
Total,Females,EU,EU Average,2023,10530000,365610272,23595,179.94,0.7508076923076923
Total,Males,EU,EU Average,2023,10530000,365610272,416229,2832.7,0.7508076923076923
Total,Total,EU,EU Average,2023,10530000,448897545,498860,3081.24,0.7531851851851852
